case,variant,mode,selected_backend,primary_classification,case_labels,reported_pairs,numerical_false_positive,true_self_intersection,multipart_overlap,duplicate_or_coincident_surface,boundary_contact,unqualified_reasons,part_guard_status,geometry_content_hash,obj_sha256,mesh
box,default,profile_loft,profile_loft,numerical_false_positive,numerical_false_positive,4,4,,,,,,checked,2b6ac1f0407ffa55c4600b7837cb2f65ace211487db4299a5201a4149a67553a,0c8f014952a2b293dad19c75c4c5feaafc22a476f1bbfaa04db47c18613b31bf,temp/quality-final-campaign-20261006/paired/default/box/profile_loft/artifacts/validated-mesh.obj
box,default,visual_hull_voxel,visual_hull_voxel,unqualified_due_guard_or_bound,,,,,,,,topology_or_volume_guard_failed;triangle_limit_exceeded,,3764d99b9f45c0abcd69ae8ffe16ec34b52d7a7d8e25c910ddcbfa0c32748c68,5781737aa35bfd0b16e48cfe6b3c83d7e6507d0db5f89d6fdb0c3da530803689,temp/quality-final-campaign-20261006/paired/default/box/visual_hull_voxel/artifacts/validated-mesh.obj
box,default,gaussian_ellipsoid_proxy,gaussian_ellipsoid_proxy,unqualified_due_guard_or_bound,,,,,,,,topology_or_volume_guard_failed,,59ebae6a04a5ba0ba758c5a5535692119abfe94472054874a245c6ef5ce39b65,9ae7e8f2599192cecef073fcafd586ec3f06cc56d4bd1581c036ea7a649a20ec,temp/quality-final-campaign-20261006/paired/default/box/gaussian_ellipsoid_proxy/artifacts/validated-mesh.obj
box,default,primitive_fit_refine,primitive_fit_refine,multipart_overlap,numerical_false_positive;multipart_overlap,187,7,,180,,,,,71b3b523c981a2a7cededc0619b225b7e3b14d5188a12436cab2c9dcce14f0e9,fb6462b18af74ec0d8905d8082855d5a16085ee0ac73ef56cd87ce0209cbbe11,temp/quality-final-campaign-20261006/paired/default/box/primitive_fit_refine/artifacts/validated-mesh.obj
box,default,differentiable_refine,differentiable_refine,unqualified_due_guard_or_bound,,,,,,,,topology_or_volume_guard_failed,,00111e7febc17d543c1a690aaf26f0655e4850173b0a85bd74d7ffda17d1cfce,bed386a657d688294320568d9faf8a0b8a2d484882d2f57357b1f599f413c796,temp/quality-final-campaign-20261006/paired/default/box/differentiable_refine/artifacts/validated-mesh.obj
box,default,hybrid_loft_hull,hybrid_loft_hull,unqualified_due_guard_or_bound,,,,,,,,topology_or_volume_guard_failed;triangle_limit_exceeded,,74c3dee4f8c19f04005b3647e7ddba1957498fdf8a4bed99c2ca4407fda08945,da6c4a5a3d3187236795b805f3a84c5ff239bec7804932c5345dd7cfe4e132b3,temp/quality-final-campaign-20261006/paired/default/box/hybrid_loft_hull/artifacts/validated-mesh.obj
box,default,shape_program,shape_program,qualified_original_receipt_not_remeasured,,,,,,,,,,,,temp/quality-final-campaign-20261006/paired/default/box/shape_program/artifacts/validated-mesh.obj
box,default,ensemble,visual_hull_voxel,unqualified_due_guard_or_bound,,,,,,,,topology_or_volume_guard_failed;triangle_limit_exceeded,,74c3dee4f8c19f04005b3647e7ddba1957498fdf8a4bed99c2ca4407fda08945,da6c4a5a3d3187236795b805f3a84c5ff239bec7804932c5345dd7cfe4e132b3,temp/quality-final-campaign-20261006/performance/box/default/cold/default/box/ensemble/artifacts/validated-mesh.obj
box,quality,profile_loft,profile_loft,qualified_original_receipt_not_remeasured,,,,,,,,,,,,temp/quality-final-campaign-20261006/paired/quality/box/profile_loft/artifacts/validated-mesh.obj
box,quality,visual_hull_voxel,visual_hull_voxel,unqualified_due_guard_or_bound,,,,,,,,topology_or_volume_guard_failed;triangle_limit_exceeded,,86070b43171c296e9297b261970410b38ad9aef27e45fd7140e5e563530c02e3,71c83d9ab5bf78c4ff114297b65bccf05317f01390e2bc1b26e4065215475d04,temp/quality-final-campaign-20261006/paired/quality/box/visual_hull_voxel/artifacts/validated-mesh.obj
box,quality,gaussian_ellipsoid_proxy,gaussian_ellipsoid_proxy,unqualified_due_guard_or_bound,,,,,,,,topology_or_volume_guard_failed,,59ebae6a04a5ba0ba758c5a5535692119abfe94472054874a245c6ef5ce39b65,9ae7e8f2599192cecef073fcafd586ec3f06cc56d4bd1581c036ea7a649a20ec,temp/quality-final-campaign-20261006/paired/quality/box/gaussian_ellipsoid_proxy/artifacts/validated-mesh.obj
box,quality,primitive_fit_refine,primitive_fit_refine,multipart_overlap,numerical_false_positive;multipart_overlap,151,12,,139,,,,,41e163c28e9729dd6dea4cc958e886804a9a2f2e237017dd9522a3c5a0230e03,41eab9742d602c29cce10775894434abe808d630bf1aba8101e0c57d5ad4ff5d,temp/quality-final-campaign-20261006/paired/quality/box/primitive_fit_refine/artifacts/validated-mesh.obj
box,quality,differentiable_refine,differentiable_refine,unqualified_due_guard_or_bound,,,,,,,,topology_or_volume_guard_failed,,00111e7febc17d543c1a690aaf26f0655e4850173b0a85bd74d7ffda17d1cfce,bed386a657d688294320568d9faf8a0b8a2d484882d2f57357b1f599f413c796,temp/quality-final-campaign-20261006/paired/quality/box/differentiable_refine/artifacts/validated-mesh.obj
box,quality,hybrid_loft_hull,hybrid_loft_hull,unqualified_due_guard_or_bound,,,,,,,,topology_or_volume_guard_failed;triangle_limit_exceeded,,fd317bb0ffe5d7881cd3104113efe2091eb88649d398a7da8632d68739b158fe,0de4b56573e23994978cb2df795cb68a932dddc3e4790bd430ff86a8780ae5b4,temp/quality-final-campaign-20261006/paired/quality/box/hybrid_loft_hull/artifacts/validated-mesh.obj
box,quality,shape_program,shape_program,qualified_original_receipt_not_remeasured,,,,,,,,,,,,temp/quality-final-campaign-20261006/paired/quality/box/shape_program/artifacts/validated-mesh.obj
box,quality,ensemble,visual_hull_voxel,unqualified_due_guard_or_bound,,,,,,,,topology_or_volume_guard_failed;triangle_limit_exceeded,,fd317bb0ffe5d7881cd3104113efe2091eb88649d398a7da8632d68739b158fe,0de4b56573e23994978cb2df795cb68a932dddc3e4790bd430ff86a8780ae5b4,temp/quality-final-campaign-20261006/performance/box/quality/cold/quality/box/ensemble/artifacts/validated-mesh.obj
box,cpu_dvx,differentiable_refine,differentiable_refine,true_self_intersection,multipart_overlap;true_self_intersection,165,,7,158,,,,rejected,b7c9c097eacd46480836e00b0dd74274cf45932d30b4c11a0c38a7faeed0baa2,3365a5d8ab487d56a41393674add1ce10d0ff8881c25e0e1ff1115b286027695,temp/quality-final-campaign-20261006/paired/cpu_dvx/box/differentiable_refine/artifacts/validated-mesh.obj
box,cpu_dvx,ensemble,visual_hull_voxel,unqualified_due_guard_or_bound,,,,,,,,topology_or_volume_guard_failed;triangle_limit_exceeded,,fd317bb0ffe5d7881cd3104113efe2091eb88649d398a7da8632d68739b158fe,0de4b56573e23994978cb2df795cb68a932dddc3e4790bd430ff86a8780ae5b4,temp/quality-final-campaign-20261006/performance/box/cpu_dvx/cold/cpu_dvx/box/ensemble/artifacts/validated-mesh.obj
vase,quality,profile_loft,profile_loft,qualified_original_receipt_not_remeasured,,,,,,,,,,,,temp/quality-final-campaign-20261006/paired/quality/vase/profile_loft/artifacts/validated-mesh.obj
vase,quality,visual_hull_voxel,visual_hull_voxel,unqualified_due_guard_or_bound,,,,,,,,topology_or_volume_guard_failed;triangle_limit_exceeded,,f9e14dfb7cdc96e48607f51abf2d2a76f7f302170bf7a3781faf68912e9932e4,203a81bb39f2266632c457076db283f815f0eb1ab8924930bce239b13366e151,temp/quality-final-campaign-20261006/paired/quality/vase/visual_hull_voxel/artifacts/validated-mesh.obj
vase,quality,gaussian_ellipsoid_proxy,gaussian_ellipsoid_proxy,unqualified_due_guard_or_bound,,,,,,,,topology_or_volume_guard_failed,,8e1361888b1e52da81444804606149958e72bc75dad27de1e8172f2ba05ac376,b478117092433e82b79245fb351174aed20324445aa6351a45df85bc1b9ab50b,temp/quality-final-campaign-20261006/paired/quality/vase/gaussian_ellipsoid_proxy/artifacts/validated-mesh.obj
vase,quality,primitive_fit_refine,primitive_fit_refine,multipart_overlap,numerical_false_positive;multipart_overlap,262,46,,216,,,,,259c459dfa098db7390ca63a0e83b3401a18a42449dd43a56ffa9aec6b835203,4c7a271cc80930457420c55c73a2a8d1bc81c3a6930cac070249c79b27d9ef11,temp/quality-final-campaign-20261006/paired/quality/vase/primitive_fit_refine/artifacts/validated-mesh.obj
vase,quality,differentiable_refine,differentiable_refine,unqualified_due_guard_or_bound,,,,,,,,topology_or_volume_guard_failed,,4e3eaf7d2b27616ca0af16f58ad0cb8f2a391e8e05822636d783acbf70522254,969e1468e026253b04341bd63bb74530bd6eacb190572311312f4eabbb95ba36,temp/quality-final-campaign-20261006/paired/quality/vase/differentiable_refine/artifacts/validated-mesh.obj
vase,quality,hybrid_loft_hull,hybrid_loft_hull,unqualified_due_guard_or_bound,,,,,,,,topology_or_volume_guard_failed;triangle_limit_exceeded,,1e2cb78910243405c9cc81b0ea8bf26ad6d5d4d5486993bff186f991123602ca,9b8199466325dec450add7df86d6243fead46187424917101f079238ee0e59c8,temp/quality-final-campaign-20261006/paired/quality/vase/hybrid_loft_hull/artifacts/validated-mesh.obj
vase,quality,shape_program,shape_program,numerical_false_positive,numerical_false_positive,8,8,,,,,,checked,55a94e218a3c162a141b8c2f04d194ed0625b907d9221ded920fb00ff5c1c836,0698bcfd3b8a7e3cb68368689ed6fc105f9429f63580e9513aa79e83ae0c8599,temp/quality-final-campaign-20261006/paired/quality/vase/shape_program/artifacts/validated-mesh.obj
vase,cpu_dvx,differentiable_refine,differentiable_refine,true_self_intersection,multipart_overlap;true_self_intersection,346,,21,325,,,,rejected,06cd05bb8fe893f27ed0a7eaeb8946c44c15874716b438e1b559ccfc729a6812,f175d74ea2d5550ecfdeab33aaa6aab09ad874a17f13dad01a7b641ecebec1f4,temp/quality-final-campaign-20261006/paired/cpu_dvx/vase/differentiable_refine/artifacts/validated-mesh.obj
vase,default,profile_loft,profile_loft,qualified_original_receipt_not_remeasured,,,,,,,,,,,,temp/quality-final-campaign-20261006/paired/default/vase/profile_loft/artifacts/validated-mesh.obj
vase,default,visual_hull_voxel,visual_hull_voxel,unqualified_due_guard_or_bound,,,,,,,,topology_or_volume_guard_failed;triangle_limit_exceeded,,2839a9ae36144b7050ab5c5ad4efa7fec68f3c0f8eb976828eb08ea0822fae8f,2f0fb18916d3c408d2c33f3517814469574a15442a155c4f02c4dd2575a2e189,temp/quality-final-campaign-20261006/paired/default/vase/visual_hull_voxel/artifacts/validated-mesh.obj
vase,default,gaussian_ellipsoid_proxy,gaussian_ellipsoid_proxy,unqualified_due_guard_or_bound,,,,,,,,topology_or_volume_guard_failed,,8e1361888b1e52da81444804606149958e72bc75dad27de1e8172f2ba05ac376,b478117092433e82b79245fb351174aed20324445aa6351a45df85bc1b9ab50b,temp/quality-final-campaign-20261006/paired/default/vase/gaussian_ellipsoid_proxy/artifacts/validated-mesh.obj
vase,default,primitive_fit_refine,primitive_fit_refine,multipart_overlap,numerical_false_positive;multipart_overlap,185,41,,144,,,,,fe643acf9bf1efa2d88c930f0b9dcd0026d212fca9c1b49207d46dbd9e0f9310,04856dd2a27e48a0305138d264649faf06b2e6e0810b211ebf2cd21fd349477e,temp/quality-final-campaign-20261006/paired/default/vase/primitive_fit_refine/artifacts/validated-mesh.obj
vase,default,differentiable_refine,differentiable_refine,unqualified_due_guard_or_bound,,,,,,,,topology_or_volume_guard_failed,,4e3eaf7d2b27616ca0af16f58ad0cb8f2a391e8e05822636d783acbf70522254,969e1468e026253b04341bd63bb74530bd6eacb190572311312f4eabbb95ba36,temp/quality-final-campaign-20261006/paired/default/vase/differentiable_refine/artifacts/validated-mesh.obj
vase,default,hybrid_loft_hull,hybrid_loft_hull,unqualified_due_guard_or_bound,,,,,,,,topology_or_volume_guard_failed;triangle_limit_exceeded,,5bf4d68ff994b000733b81a25927d2b334a2baafc3783fa0e64d16724488a49e,2485818445979aee58741cc74b6779053a908238669842288182ed0b7d6a10d7,temp/quality-final-campaign-20261006/paired/default/vase/hybrid_loft_hull/artifacts/validated-mesh.obj
vase,default,shape_program,shape_program,numerical_false_positive,numerical_false_positive,8,8,,,,,,checked,55a94e218a3c162a141b8c2f04d194ed0625b907d9221ded920fb00ff5c1c836,0698bcfd3b8a7e3cb68368689ed6fc105f9429f63580e9513aa79e83ae0c8599,temp/quality-final-campaign-20261006/paired/default/vase/shape_program/artifacts/validated-mesh.obj
vase,default,ensemble,visual_hull_voxel,unqualified_due_guard_or_bound,,,,,,,,topology_or_volume_guard_failed;triangle_limit_exceeded,,5bf4d68ff994b000733b81a25927d2b334a2baafc3783fa0e64d16724488a49e,2485818445979aee58741cc74b6779053a908238669842288182ed0b7d6a10d7,temp/quality-final-campaign-20261006/performance/vase/default/cold/default/vase/ensemble/artifacts/validated-mesh.obj
torus,cpu_dvx,differentiable_refine,differentiable_refine,true_self_intersection,true_self_intersection;multipart_overlap,272,,6,266,,,,rejected,b77213ce030832022094b8025f0d6788f9bd0161f5db3aec6dff33ee8558235d,cce3cf7ec193c48c9f0f9e63c74df53c254af0a60590bc3a247c018e1c62c40c,temp/quality-final-campaign-20261006/paired/cpu_dvx/torus/differentiable_refine/artifacts/validated-mesh.obj
torus,cpu_dvx,ensemble,visual_hull_voxel,unqualified_due_guard_or_bound,,,,,,,,topology_or_volume_guard_failed;triangle_limit_exceeded,,91dc5586bc85ba418f0210c92267382c2fc83ae6302b3eff5606e0c111016175,1b9c1ad8a18c064d4e7edda01c1005abdbb3872823289e14089c4b75c82478ce,temp/quality-final-campaign-20261006/performance/torus/cpu_dvx/cold/cpu_dvx/torus/ensemble/artifacts/validated-mesh.obj
torus,default,profile_loft,profile_loft,qualified_original_receipt_not_remeasured,,,,,,,,,,,,temp/quality-final-campaign-20261006/paired/default/torus/profile_loft/artifacts/validated-mesh.obj
torus,default,visual_hull_voxel,visual_hull_voxel,unqualified_due_guard_or_bound,,,,,,,,topology_or_volume_guard_failed;triangle_limit_exceeded,,b6c9d5c2e04d8f9aac0aa09a9f6dcab9fc2971216543c548dbc4ffb1255d4b5b,72dea3eb2103e597c8aec2bb0e28a1c8c23fb163cfdc5bc2ba1d721e9d8b3b14,temp/quality-final-campaign-20261006/paired/default/torus/visual_hull_voxel/artifacts/validated-mesh.obj
torus,default,gaussian_ellipsoid_proxy,gaussian_ellipsoid_proxy,unqualified_due_guard_or_bound,,,,,,,,topology_or_volume_guard_failed,,e6c84afd836ecf8f91c2c65e4b8cf98191cd67138d1edac4c12c04a98dd2a4d5,747f8e41d787c26ab4c6652a45b43c6da8d984ccdb5f9a1d95671a8b16853d33,temp/quality-final-campaign-20261006/paired/default/torus/gaussian_ellipsoid_proxy/artifacts/validated-mesh.obj
torus,default,primitive_fit_refine,primitive_fit_refine,multipart_overlap,multipart_overlap;numerical_false_positive,329,23,,306,,,,,217f30025910e2f3522b84e702b87cc0f4be42b906a7c24e81994e0a12b02b47,1948c64395e5954f4d02c947e8a1193472658d3064a4194a4e9df57cdaceb89a,temp/quality-final-campaign-20261006/paired/default/torus/primitive_fit_refine/artifacts/validated-mesh.obj
torus,default,differentiable_refine,differentiable_refine,unqualified_due_guard_or_bound,,,,,,,,topology_or_volume_guard_failed,,6cf924fce518b52a11533d2e9b382a3dbb88bd380a6720c6b701171e7d4a9618,6552c2b4a890339724da0d9da1b2ebf2fe47caa852aaeef9ad0b0529826e6554,temp/quality-final-campaign-20261006/paired/default/torus/differentiable_refine/artifacts/validated-mesh.obj
torus,default,hybrid_loft_hull,hybrid_loft_hull,unqualified_due_guard_or_bound,,,,,,,,topology_or_volume_guard_failed;triangle_limit_exceeded,,21b67b91a16706ad6c844a6080bfede41c83b953ccd803c0f14df693448b5e91,2797389a29d8c17d25e856ab6276237b9de9235756a97118aa390f39bd0b17a6,temp/quality-final-campaign-20261006/paired/default/torus/hybrid_loft_hull/artifacts/validated-mesh.obj
torus,default,shape_program,shape_program,numerical_false_positive,numerical_false_positive,6,6,,,,,,checked,0097b634b3e7c754f5ad4c94b09799e9ee38c0dae4aea06adc2a22c5c15467a9,45a14238d25a2967916cff187f7a226dff7dfdaba5281cc1e748d7af3c957669,temp/quality-final-campaign-20261006/paired/default/torus/shape_program/artifacts/validated-mesh.obj
torus,default,ensemble,visual_hull_voxel,unqualified_due_guard_or_bound,,,,,,,,topology_or_volume_guard_failed;triangle_limit_exceeded,,21b67b91a16706ad6c844a6080bfede41c83b953ccd803c0f14df693448b5e91,2797389a29d8c17d25e856ab6276237b9de9235756a97118aa390f39bd0b17a6,temp/quality-final-campaign-20261006/performance/torus/default/cold/default/torus/ensemble/artifacts/validated-mesh.obj
torus,quality,profile_loft,profile_loft,qualified_original_receipt_not_remeasured,,,,,,,,,,,,temp/quality-final-campaign-20261006/paired/quality/torus/profile_loft/artifacts/validated-mesh.obj
torus,quality,visual_hull_voxel,visual_hull_voxel,unqualified_due_guard_or_bound,,,,,,,,topology_or_volume_guard_failed;triangle_limit_exceeded,,6c077aac94c52b85a43786ad1768648b5f4d5cf7c6770a05d0dd1dcef17c8eab,46cb05d38c052fb1ae71c1594b84311a66e546316c6f7bed3a3dfb458efb2512,temp/quality-final-campaign-20261006/paired/quality/torus/visual_hull_voxel/artifacts/validated-mesh.obj
torus,quality,gaussian_ellipsoid_proxy,gaussian_ellipsoid_proxy,unqualified_due_guard_or_bound,,,,,,,,topology_or_volume_guard_failed,,e6c84afd836ecf8f91c2c65e4b8cf98191cd67138d1edac4c12c04a98dd2a4d5,747f8e41d787c26ab4c6652a45b43c6da8d984ccdb5f9a1d95671a8b16853d33,temp/quality-final-campaign-20261006/paired/quality/torus/gaussian_ellipsoid_proxy/artifacts/validated-mesh.obj
torus,quality,differentiable_refine,differentiable_refine,unqualified_due_guard_or_bound,,,,,,,,topology_or_volume_guard_failed,,6cf924fce518b52a11533d2e9b382a3dbb88bd380a6720c6b701171e7d4a9618,6552c2b4a890339724da0d9da1b2ebf2fe47caa852aaeef9ad0b0529826e6554,temp/quality-final-campaign-20261006/paired/quality/torus/differentiable_refine/artifacts/validated-mesh.obj
torus,quality,hybrid_loft_hull,hybrid_loft_hull,unqualified_due_guard_or_bound,,,,,,,,topology_or_volume_guard_failed;triangle_limit_exceeded,,91dc5586bc85ba418f0210c92267382c2fc83ae6302b3eff5606e0c111016175,1b9c1ad8a18c064d4e7edda01c1005abdbb3872823289e14089c4b75c82478ce,temp/quality-final-campaign-20261006/paired/quality/torus/hybrid_loft_hull/artifacts/validated-mesh.obj
torus,quality,shape_program,shape_program,numerical_false_positive,numerical_false_positive,6,6,,,,,,checked,0097b634b3e7c754f5ad4c94b09799e9ee38c0dae4aea06adc2a22c5c15467a9,45a14238d25a2967916cff187f7a226dff7dfdaba5281cc1e748d7af3c957669,temp/quality-final-campaign-20261006/paired/quality/torus/shape_program/artifacts/validated-mesh.obj
torus,quality,ensemble,visual_hull_voxel,unqualified_due_guard_or_bound,,,,,,,,topology_or_volume_guard_failed;triangle_limit_exceeded,,91dc5586bc85ba418f0210c92267382c2fc83ae6302b3eff5606e0c111016175,1b9c1ad8a18c064d4e7edda01c1005abdbb3872823289e14089c4b75c82478ce,temp/quality-final-campaign-20261006/performance/torus/quality/cold/quality/torus/ensemble/artifacts/validated-mesh.obj
cylinder,default,profile_loft,profile_loft,qualified_original_receipt_not_remeasured,,,,,,,,,,,,temp/quality-final-campaign-20261006/heldout/default/cylinder/profile_loft/artifacts/validated-mesh.obj
cylinder,default,visual_hull_voxel,visual_hull_voxel,unqualified_due_guard_or_bound,,,,,,,,topology_or_volume_guard_failed;triangle_limit_exceeded,,fb16346a90a1588d75cc3fa00c3ea08d1caa66065b3d1f601c4d8e190d9a2105,48f927e4972c397221472a848c2c94bba9be0ac657abfbdca05900ed21029e4f,temp/quality-final-campaign-20261006/heldout/default/cylinder/visual_hull_voxel/artifacts/validated-mesh.obj
cylinder,default,gaussian_ellipsoid_proxy,gaussian_ellipsoid_proxy,unqualified_due_guard_or_bound,,,,,,,,topology_or_volume_guard_failed,,23a35d33dc04dd09668b02c9dbb7f9bdafcafd9be8b149a75c197140e3f62a10,20e39aef7a9880a860994304039a2eb164fd55bb8ee4a5408279f04af86cb122,temp/quality-final-campaign-20261006/heldout/default/cylinder/gaussian_ellipsoid_proxy/artifacts/validated-mesh.obj
cylinder,default,primitive_fit_refine,primitive_fit_refine,multipart_overlap,numerical_false_positive;multipart_overlap,91,13,,78,,,,,b76e8a9f061b72b61ad158fe73186a368c16938ebae47350ff8ef3e56c6dc5a6,bd5afe8cf09723484352d7f6f6bcc0232b6e9f6a18c4cd98f134cdbee88115cd,temp/quality-final-campaign-20261006/heldout/default/cylinder/primitive_fit_refine/artifacts/validated-mesh.obj
cylinder,default,differentiable_refine,differentiable_refine,unqualified_due_guard_or_bound,,,,,,,,topology_or_volume_guard_failed,,18d592aa4f788c8117925a9892326c2a4758fd3805d71c8169e8935c38b501c6,07cf4eff7009ff76d5bde32d0af5b331b3ee66211cee0b73a04add31621f1cf0,temp/quality-final-campaign-20261006/heldout/default/cylinder/differentiable_refine/artifacts/validated-mesh.obj
cylinder,default,hybrid_loft_hull,hybrid_loft_hull,unqualified_due_guard_or_bound,,,,,,,,topology_or_volume_guard_failed;triangle_limit_exceeded,,0b9a40da5b64a0dfabeb8f429083f25bd8cdb93acc80f3ded723161fc7ab345d,6c2c21eef74c6fc5c24233501aa1bd5e86083df2d9f493d92b2ca3f2d9c27b94,temp/quality-final-campaign-20261006/heldout/default/cylinder/hybrid_loft_hull/artifacts/validated-mesh.obj
cylinder,default,shape_program,shape_program,qualified_original_receipt_not_remeasured,,,,,,,,,,,,temp/quality-final-campaign-20261006/heldout/default/cylinder/shape_program/artifacts/validated-mesh.obj
cylinder,default,ensemble,visual_hull_voxel,unqualified_due_guard_or_bound,,,,,,,,topology_or_volume_guard_failed;triangle_limit_exceeded,,0b9a40da5b64a0dfabeb8f429083f25bd8cdb93acc80f3ded723161fc7ab345d,6c2c21eef74c6fc5c24233501aa1bd5e86083df2d9f493d92b2ca3f2d9c27b94,temp/quality-final-campaign-20261006/performance/cylinder/default/cold/default/cylinder/ensemble/artifacts/validated-mesh.obj
cylinder,quality,profile_loft,profile_loft,qualified_original_receipt_not_remeasured,,,,,,,,,,,,temp/quality-final-campaign-20261006/heldout/quality/cylinder/profile_loft/artifacts/validated-mesh.obj
cylinder,quality,visual_hull_voxel,visual_hull_voxel,unqualified_due_guard_or_bound,,,,,,,,topology_or_volume_guard_failed;triangle_limit_exceeded,,dcfbc65cf0aad5c7f4c24478161f43f599631863a2f4081d88dba2b3dacb3d8e,b5958b87a664414999f0e0adda991bc1b1eabbfadf89382412b7c39e32f8f10d,temp/quality-final-campaign-20261006/heldout/quality/cylinder/visual_hull_voxel/artifacts/validated-mesh.obj
cylinder,quality,gaussian_ellipsoid_proxy,gaussian_ellipsoid_proxy,unqualified_due_guard_or_bound,,,,,,,,topology_or_volume_guard_failed,,23a35d33dc04dd09668b02c9dbb7f9bdafcafd9be8b149a75c197140e3f62a10,20e39aef7a9880a860994304039a2eb164fd55bb8ee4a5408279f04af86cb122,temp/quality-final-campaign-20261006/heldout/quality/cylinder/gaussian_ellipsoid_proxy/artifacts/validated-mesh.obj
cylinder,quality,primitive_fit_refine,primitive_fit_refine,multipart_overlap,numerical_false_positive;multipart_overlap,162,12,,150,,,,,5c551792fae56ba046c95b37c0faa54af438b6d21f9da57609ce974fe80eb511,6d4574eb8428279a217e9dad96c5600cda891664887d80de1f37e9d11db04a69,temp/quality-final-campaign-20261006/heldout/quality/cylinder/primitive_fit_refine/artifacts/validated-mesh.obj
cylinder,quality,differentiable_refine,differentiable_refine,unqualified_due_guard_or_bound,,,,,,,,topology_or_volume_guard_failed,,18d592aa4f788c8117925a9892326c2a4758fd3805d71c8169e8935c38b501c6,07cf4eff7009ff76d5bde32d0af5b331b3ee66211cee0b73a04add31621f1cf0,temp/quality-final-campaign-20261006/heldout/quality/cylinder/differentiable_refine/artifacts/validated-mesh.obj
cylinder,quality,hybrid_loft_hull,hybrid_loft_hull,qualified_original_receipt_not_remeasured,,,,,,,,,,,,temp/quality-final-campaign-20261006/heldout/quality/cylinder/hybrid_loft_hull/artifacts/validated-mesh.obj
cylinder,quality,shape_program,shape_program,qualified_original_receipt_not_remeasured,,,,,,,,,,,,temp/quality-final-campaign-20261006/heldout/quality/cylinder/shape_program/artifacts/validated-mesh.obj
cylinder,quality,ensemble,profile_loft,qualified_original_receipt_not_remeasured,,,,,,,,,,,,temp/quality-final-campaign-20261006/performance/cylinder/quality/cold/quality/cylinder/ensemble/artifacts/validated-mesh.obj
cylinder,cpu_dvx,differentiable_refine,differentiable_refine,true_self_intersection,true_self_intersection;multipart_overlap,336,,26,310,,,,rejected,60df95f90bb2859bb0f5ab63408a7e6f2c1984e31d2378d401433b0714c3a9fb,737cd089bd7f23bc2bc75561e8cdf495aafb7777c277c61ab33c268ac7ed6134,temp/quality-final-campaign-20261006/heldout/cpu_dvx/cylinder/differentiable_refine/artifacts/validated-mesh.obj
cylinder,cpu_dvx,ensemble,profile_loft,qualified_original_receipt_not_remeasured,,,,,,,,,,,,temp/quality-final-campaign-20261006/performance/cylinder/cpu_dvx/cold/cpu_dvx/cylinder/ensemble/artifacts/validated-mesh.obj
bottle,quality,profile_loft,profile_loft,qualified_original_receipt_not_remeasured,,,,,,,,,,,,temp/quality-final-campaign-20261006/heldout/quality/bottle/profile_loft/artifacts/validated-mesh.obj
bottle,quality,visual_hull_voxel,visual_hull_voxel,unqualified_due_guard_or_bound,,,,,,,,topology_or_volume_guard_failed;triangle_limit_exceeded,,0801720b58cd17a3baa5bc4f8cfbe1db42aa7f5a711c6263cbf2aa571391b2c1,cd1fd5bebdd5111ac3a29593d61debb3e798482da8130aeca9aa53333d7211b6,temp/quality-final-campaign-20261006/heldout/quality/bottle/visual_hull_voxel/artifacts/validated-mesh.obj
bottle,quality,gaussian_ellipsoid_proxy,gaussian_ellipsoid_proxy,unqualified_due_guard_or_bound,,,,,,,,topology_or_volume_guard_failed,,915a0846f7e977aa8e7d4eb6e40b3ecddccdf175564283f63b35b9dc6fa4e6df,c538870a210dfdafa69ec8307c4ac1bd9ac1b17e0057c3b466e37f04173c7be4,temp/quality-final-campaign-20261006/heldout/quality/bottle/gaussian_ellipsoid_proxy/artifacts/validated-mesh.obj
bottle,quality,primitive_fit_refine,primitive_fit_refine,multipart_overlap,numerical_false_positive;multipart_overlap,203,14,,189,,,,,68dc0489a368bc18f0c869e8108ddd10033f160f01b347349a627ed64851daed,036a70e07f08ebe654c248880b30389aba2bf6fcccc24f2bf86ce874fc494ebe,temp/quality-final-campaign-20261006/heldout/quality/bottle/primitive_fit_refine/artifacts/validated-mesh.obj
bottle,quality,differentiable_refine,differentiable_refine,unqualified_due_guard_or_bound,,,,,,,,topology_or_volume_guard_failed,,0780f322ce6726d3f0312da24dbcb31fcd4454e760d39144b640a85811c44c44,fa05cc599a31b66e1c72b73a52e09b4a343b0071a59efc2740f215d4a8c6a0ee,temp/quality-final-campaign-20261006/heldout/quality/bottle/differentiable_refine/artifacts/validated-mesh.obj
bottle,quality,hybrid_loft_hull,hybrid_loft_hull,unqualified_due_guard_or_bound,,,,,,,,topology_or_volume_guard_failed;triangle_limit_exceeded,,091714e9c73d2fe9bc98a280adf2e5ac538314c24ff64f44ce54246e33eef3b8,9f7142ad95e2914f01de20afbd5e2c9dea65831dc1404c4f419ad020b53f1f0f,temp/quality-final-campaign-20261006/heldout/quality/bottle/hybrid_loft_hull/artifacts/validated-mesh.obj
bottle,quality,shape_program,shape_program,qualified_original_receipt_not_remeasured,,,,,,,,,,,,temp/quality-final-campaign-20261006/heldout/quality/bottle/shape_program/artifacts/validated-mesh.obj
bottle,quality,ensemble,visual_hull_voxel,unqualified_due_guard_or_bound,,,,,,,,topology_or_volume_guard_failed;triangle_limit_exceeded,,091714e9c73d2fe9bc98a280adf2e5ac538314c24ff64f44ce54246e33eef3b8,9f7142ad95e2914f01de20afbd5e2c9dea65831dc1404c4f419ad020b53f1f0f,temp/quality-final-campaign-20261006/performance/bottle/quality/cold/quality/bottle/ensemble/artifacts/validated-mesh.obj
bottle,cpu_dvx,differentiable_refine,differentiable_refine,true_self_intersection,true_self_intersection;multipart_overlap,366,,42,324,,,,rejected,4cbf3a0a6abcc8d6af3e6ae5c7932e1642db30c47109b36bf37d49542f159435,83c07cfbc39ec840993595de97e701420796798bf8d15815fa8e113b2140188d,temp/quality-final-campaign-20261006/heldout/cpu_dvx/bottle/differentiable_refine/artifacts/validated-mesh.obj
bottle,cpu_dvx,ensemble,visual_hull_voxel,unqualified_due_guard_or_bound,,,,,,,,topology_or_volume_guard_failed;triangle_limit_exceeded,,091714e9c73d2fe9bc98a280adf2e5ac538314c24ff64f44ce54246e33eef3b8,9f7142ad95e2914f01de20afbd5e2c9dea65831dc1404c4f419ad020b53f1f0f,temp/quality-final-campaign-20261006/performance/bottle/cpu_dvx/cold/cpu_dvx/bottle/ensemble/artifacts/validated-mesh.obj
bottle,default,profile_loft,profile_loft,qualified_original_receipt_not_remeasured,,,,,,,,,,,,temp/quality-final-campaign-20261006/heldout/default/bottle/profile_loft/artifacts/validated-mesh.obj
bottle,default,visual_hull_voxel,visual_hull_voxel,unqualified_due_guard_or_bound,,,,,,,,topology_or_volume_guard_failed;triangle_limit_exceeded,,81740a2f610743112e75fd1a563b5d090df5c5ad3edb28dbb97c0d1ac201fc67,fbd9617cad68cc34bdf58479fcd5e9ce1ce7a14ad958da42d6ad3aefed1ce9ad,temp/quality-final-campaign-20261006/heldout/default/bottle/visual_hull_voxel/artifacts/validated-mesh.obj
bottle,default,gaussian_ellipsoid_proxy,gaussian_ellipsoid_proxy,unqualified_due_guard_or_bound,,,,,,,,topology_or_volume_guard_failed,,915a0846f7e977aa8e7d4eb6e40b3ecddccdf175564283f63b35b9dc6fa4e6df,c538870a210dfdafa69ec8307c4ac1bd9ac1b17e0057c3b466e37f04173c7be4,temp/quality-final-campaign-20261006/heldout/default/bottle/gaussian_ellipsoid_proxy/artifacts/validated-mesh.obj
bottle,default,primitive_fit_refine,primitive_fit_refine,multipart_overlap,numerical_false_positive;multipart_overlap,195,15,,180,,,,,3a453c1b2b3fb1960b63d7991604107a60b8407ed7384f1d92da0fdea1559ecf,d3cc7194ba48215b57af0d406cb3d18e52fa8d6909d4730ea192b99aa9bfbd6d,temp/quality-final-campaign-20261006/heldout/default/bottle/primitive_fit_refine/artifacts/validated-mesh.obj
bottle,default,differentiable_refine,differentiable_refine,unqualified_due_guard_or_bound,,,,,,,,topology_or_volume_guard_failed,,0780f322ce6726d3f0312da24dbcb31fcd4454e760d39144b640a85811c44c44,fa05cc599a31b66e1c72b73a52e09b4a343b0071a59efc2740f215d4a8c6a0ee,temp/quality-final-campaign-20261006/heldout/default/bottle/differentiable_refine/artifacts/validated-mesh.obj
bottle,default,hybrid_loft_hull,hybrid_loft_hull,unqualified_due_guard_or_bound,,,,,,,,topology_or_volume_guard_failed;triangle_limit_exceeded,,11e068a6b331c474de89a4887fa362e1450d65ee2926393e0d9b130da2bd365b,32e28b3d3bffee41cb608e554da9ca7eae4e82bc6a43fdef1062177b3c6752e6,temp/quality-final-campaign-20261006/heldout/default/bottle/hybrid_loft_hull/artifacts/validated-mesh.obj
bottle,default,shape_program,shape_program,qualified_original_receipt_not_remeasured,,,,,,,,,,,,temp/quality-final-campaign-20261006/heldout/default/bottle/shape_program/artifacts/validated-mesh.obj
bottle,default,ensemble,visual_hull_voxel,unqualified_due_guard_or_bound,,,,,,,,topology_or_volume_guard_failed;triangle_limit_exceeded,,11e068a6b331c474de89a4887fa362e1450d65ee2926393e0d9b130da2bd365b,32e28b3d3bffee41cb608e554da9ca7eae4e82bc6a43fdef1062177b3c6752e6,temp/quality-final-campaign-20261006/performance/bottle/default/cold/default/bottle/ensemble/artifacts/validated-mesh.obj
chair,cpu_dvx,differentiable_refine,differentiable_refine,true_self_intersection,true_self_intersection;multipart_overlap,233,,143,90,,,,rejected,b2b60c4817cc6f340e2bba96d1899e2058a2aac27fa639a1a2fc2042aa49db86,2d2ea90c3a8ff14b2641e165a618f58064fde70b3d9ed37fa16d768f938da4c6,temp/quality-final-campaign-20261006/heldout/cpu_dvx/chair/differentiable_refine/artifacts/validated-mesh.obj
chair,cpu_dvx,ensemble,visual_hull_voxel,unqualified_due_guard_or_bound,,,,,,,,topology_or_volume_guard_failed;triangle_limit_exceeded,,f67cd330b29abdf2cae5ff207a66145fe4d1a291c425e76a47f25a5c6b0959d4,222b964a54b1869296fa00429a6d0c2e2fb0f78c48cf0109b74470d8ddca53a5,temp/quality-final-campaign-20261006/performance/chair/cpu_dvx/cold/cpu_dvx/chair/ensemble/artifacts/validated-mesh.obj
chair,default,profile_loft,profile_loft,qualified_original_receipt_not_remeasured,,,,,,,,,,,,temp/quality-final-campaign-20261006/heldout/default/chair/profile_loft/artifacts/validated-mesh.obj
chair,default,visual_hull_voxel,visual_hull_voxel,unqualified_due_guard_or_bound,,,,,,,,topology_or_volume_guard_failed;triangle_limit_exceeded,,dcd4755cbc488f4a9fa7727e63ea674271fb36c739622b2e6dc315c71204b6f6,544ee9f10fb75003b498810236ee92eb45defa958821d814cc595f752f2badb1,temp/quality-final-campaign-20261006/heldout/default/chair/visual_hull_voxel/artifacts/validated-mesh.obj
chair,default,gaussian_ellipsoid_proxy,gaussian_ellipsoid_proxy,unqualified_due_guard_or_bound,,,,,,,,topology_or_volume_guard_failed,,00d787637b7ffd70586c1211a10cd7ea255752479956921d73a45949af1e225e,11bee3f7d1577181c4f9a1f14ddef3cbe9777d7f16358435f5b9ee251d902814,temp/quality-final-campaign-20261006/heldout/default/chair/gaussian_ellipsoid_proxy/artifacts/validated-mesh.obj
chair,default,primitive_fit_refine,primitive_fit_refine,unqualified_due_guard_or_bound,,,,,,,,topology_or_volume_guard_failed,,29409799310b547a431f23934c1a537687db32f3ae56aa7f0bdc5de9a6b77cc3,81dc37b460b66a14350ec6d44218e909c9c46964fb92836ce5c1f4f7187ec30a,temp/quality-final-campaign-20261006/heldout/default/chair/primitive_fit_refine/artifacts/validated-mesh.obj
chair,default,differentiable_refine,differentiable_refine,unqualified_due_guard_or_bound,,,,,,,,topology_or_volume_guard_failed,,41e95523118a09bbfffe564d1ad7b81388b99b6552025eb76c15c183b72ae581,a46ad606215dfbbbe5a29b2bc32fc631d05b953995366355e4e426321f64d788,temp/quality-final-campaign-20261006/heldout/default/chair/differentiable_refine/artifacts/validated-mesh.obj
chair,default,hybrid_loft_hull,hybrid_loft_hull,unqualified_due_guard_or_bound,,,,,,,,topology_or_volume_guard_failed;triangle_limit_exceeded,,91342eebe7fbf5fab5124dbe55e299386eca6d169de5ba9fdac714da9190783e,86c35d386c240d0466fd1233037fd3e12dc3607f54e40f4c7e22880532558db8,temp/quality-final-campaign-20261006/heldout/default/chair/hybrid_loft_hull/artifacts/validated-mesh.obj
chair,default,shape_program,shape_program,duplicate_or_coincident_surface,duplicate_or_coincident_surface;boundary_contact,4455,,,,540,3915,,,12d1a83596d9fa97ec26aeaddcf6e54b67a3cb2fe10d0580b6ed707ec8893f4c,dc0c521f52e6040d51e4eb22bd81b7e7bb048b99e8fe4ce58560f84462085077,temp/quality-final-campaign-20261006/heldout/default/chair/shape_program/artifacts/validated-mesh.obj
chair,default,ensemble,visual_hull_voxel,unqualified_due_guard_or_bound,,,,,,,,topology_or_volume_guard_failed;triangle_limit_exceeded,,91342eebe7fbf5fab5124dbe55e299386eca6d169de5ba9fdac714da9190783e,86c35d386c240d0466fd1233037fd3e12dc3607f54e40f4c7e22880532558db8,temp/quality-final-campaign-20261006/performance/chair/default/cold/default/chair/ensemble/artifacts/validated-mesh.obj
chair,quality,profile_loft,profile_loft,qualified_original_receipt_not_remeasured,,,,,,,,,,,,temp/quality-final-campaign-20261006/heldout/quality/chair/profile_loft/artifacts/validated-mesh.obj
chair,quality,visual_hull_voxel,visual_hull_voxel,unqualified_due_guard_or_bound,,,,,,,,topology_or_volume_guard_failed;triangle_limit_exceeded,,fa76664b7d0c744e0a88d5f12c315346ace371241884dc6bf9e824320539b287,44c355fb2b06defa186ce2cbe78c75d4c892b906ff7a0de92ae58a77be8ec65f,temp/quality-final-campaign-20261006/heldout/quality/chair/visual_hull_voxel/artifacts/validated-mesh.obj
chair,quality,gaussian_ellipsoid_proxy,gaussian_ellipsoid_proxy,unqualified_due_guard_or_bound,,,,,,,,topology_or_volume_guard_failed,,00d787637b7ffd70586c1211a10cd7ea255752479956921d73a45949af1e225e,11bee3f7d1577181c4f9a1f14ddef3cbe9777d7f16358435f5b9ee251d902814,temp/quality-final-campaign-20261006/heldout/quality/chair/gaussian_ellipsoid_proxy/artifacts/validated-mesh.obj
chair,quality,primitive_fit_refine,primitive_fit_refine,multipart_overlap,numerical_false_positive;multipart_overlap,102,12,,90,,,,,38cabfd8ecded694b20a062de67630eea7da3c4ff5c61482747af3dbf32496dc,5370d74970fe875f1503ad74a9c12a897df00492dbef3672e751c2554e799eb7,temp/quality-final-campaign-20261006/heldout/quality/chair/primitive_fit_refine/artifacts/validated-mesh.obj
chair,quality,differentiable_refine,differentiable_refine,unqualified_due_guard_or_bound,,,,,,,,topology_or_volume_guard_failed,,41e95523118a09bbfffe564d1ad7b81388b99b6552025eb76c15c183b72ae581,a46ad606215dfbbbe5a29b2bc32fc631d05b953995366355e4e426321f64d788,temp/quality-final-campaign-20261006/heldout/quality/chair/differentiable_refine/artifacts/validated-mesh.obj
chair,quality,hybrid_loft_hull,hybrid_loft_hull,unqualified_due_guard_or_bound,,,,,,,,topology_or_volume_guard_failed;triangle_limit_exceeded,,f67cd330b29abdf2cae5ff207a66145fe4d1a291c425e76a47f25a5c6b0959d4,222b964a54b1869296fa00429a6d0c2e2fb0f78c48cf0109b74470d8ddca53a5,temp/quality-final-campaign-20261006/heldout/quality/chair/hybrid_loft_hull/artifacts/validated-mesh.obj
chair,quality,shape_program,shape_program,qualified_original_receipt_not_remeasured,,,,,,,,,,,,temp/quality-final-campaign-20261006/heldout/quality/chair/shape_program/artifacts/validated-mesh.obj
chair,quality,ensemble,visual_hull_voxel,unqualified_due_guard_or_bound,,,,,,,,topology_or_volume_guard_failed;triangle_limit_exceeded,,f67cd330b29abdf2cae5ff207a66145fe4d1a291c425e76a47f25a5c6b0959d4,222b964a54b1869296fa00429a6d0c2e2fb0f78c48cf0109b74470d8ddca53a5,temp/quality-final-campaign-20261006/performance/chair/quality/cold/quality/chair/ensemble/artifacts/validated-mesh.obj
ext01_3b4702e,default,profile_loft,profile_loft,qualified_original_receipt_not_remeasured,,,,,,,,,,,,temp/quality-final-campaign-20261006/external/default/ext01_3b4702e/profile_loft/artifacts/validated-mesh.obj
ext01_3b4702e,default,visual_hull_voxel,visual_hull_voxel,unqualified_due_guard_or_bound,,,,,,,,topology_or_volume_guard_failed;triangle_limit_exceeded,,eaa59f9a12d72c35c385c915ab9ed85e30504d3aca82adb98a9be1cfda35d8d0,f8dc63202f375afc89681d4c1eecb0cec99dd715050d0080f3a3f5b66bca3df3,temp/quality-final-campaign-20261006/external/default/ext01_3b4702e/visual_hull_voxel/artifacts/validated-mesh.obj
ext01_3b4702e,default,gaussian_ellipsoid_proxy,gaussian_ellipsoid_proxy,unqualified_due_guard_or_bound,,,,,,,,topology_or_volume_guard_failed,,433b4554b447f39780e64b46012092dc549b684fdc71b8017d32ec2190646a1c,5795ba40a16efc5e8633c56d211c78e526e54349f808561d6e5828f066e1c241,temp/quality-final-campaign-20261006/external/default/ext01_3b4702e/gaussian_ellipsoid_proxy/artifacts/validated-mesh.obj
ext01_3b4702e,default,primitive_fit_refine,primitive_fit_refine,unqualified_due_guard_or_bound,,,,,,,,topology_or_volume_guard_failed,,e6f4244bbc3ba6b634d60eb2aedafd336a6655674d24bf987cf58ee721ce0633,11ec7389f02d8d6974f0d40a19456d510fcf9fa5f6de0d79035cf10866ca00f1,temp/quality-final-campaign-20261006/external/default/ext01_3b4702e/primitive_fit_refine/artifacts/validated-mesh.obj
ext01_3b4702e,default,differentiable_refine,differentiable_refine,unqualified_due_guard_or_bound,,,,,,,,topology_or_volume_guard_failed,,0178814e553972bbe5212c3038d3feefb34bc096b26f71255c3dc151d2cb8c1d,26378a5229bfe84776910c7675398a23b65d8c692b7a8e4e2a67563bcd027eb4,temp/quality-final-campaign-20261006/external/default/ext01_3b4702e/differentiable_refine/artifacts/validated-mesh.obj
ext01_3b4702e,default,hybrid_loft_hull,hybrid_loft_hull,unqualified_due_guard_or_bound,,,,,,,,topology_or_volume_guard_failed;triangle_limit_exceeded,,0c3e7a2336175d4f1e2083ec037d41f63b58f837d222bd05b8d6423be0f3c566,92572b796d08192e308fea93b8f05739437306dcf61952297d740ec575537a68,temp/quality-final-campaign-20261006/external/default/ext01_3b4702e/hybrid_loft_hull/artifacts/validated-mesh.obj
ext01_3b4702e,default,shape_program,shape_program,numerical_false_positive,numerical_false_positive,2,2,,,,,,checked,0fcf9473f27b95740697b6e9856791218df6208d5b43434d10967ba445602cae,50b538c753aa8492c15b502f7abdf89c177ab7dfa85f16af676e9811c59eb1a6,temp/quality-final-campaign-20261006/external/default/ext01_3b4702e/shape_program/artifacts/validated-mesh.obj
ext01_3b4702e,default,ensemble,silhouette_intersection,unqualified_due_guard_or_bound,,,,,,,,topology_or_volume_guard_failed,,a9d5cade5fed5e21cc4224b998b8c2931bf45bfc8e3cb69a2ed5ee1b476735fe,01b8f9b45a812197c3cb4b506cb98a50d0139b8185ccbff4a5adddc45269fe8c,temp/quality-final-campaign-20261006/performance/ext01_3b4702e/default/cold/default/ext01_3b4702e/ensemble/artifacts/validated-mesh.obj
ext01_3b4702e,quality,profile_loft,profile_loft,qualified_original_receipt_not_remeasured,,,,,,,,,,,,temp/quality-final-campaign-20261006/external/quality/ext01_3b4702e/profile_loft/artifacts/validated-mesh.obj
ext01_3b4702e,quality,visual_hull_voxel,visual_hull_voxel,unqualified_due_guard_or_bound,,,,,,,,topology_or_volume_guard_failed;triangle_limit_exceeded,,67774a4c8d0878cafe55a8d86d9fc8f07e839c768f3128d354ef89f652c9b112,756c29be9a4af4a8b45881bc727b11e5d565c6ef5e1e716f849498a873e9bea0,temp/quality-final-campaign-20261006/external/quality/ext01_3b4702e/visual_hull_voxel/artifacts/validated-mesh.obj
ext01_3b4702e,quality,gaussian_ellipsoid_proxy,gaussian_ellipsoid_proxy,unqualified_due_guard_or_bound,,,,,,,,topology_or_volume_guard_failed,,433b4554b447f39780e64b46012092dc549b684fdc71b8017d32ec2190646a1c,5795ba40a16efc5e8633c56d211c78e526e54349f808561d6e5828f066e1c241,temp/quality-final-campaign-20261006/external/quality/ext01_3b4702e/gaussian_ellipsoid_proxy/artifacts/validated-mesh.obj
ext01_3b4702e,quality,primitive_fit_refine,primitive_fit_refine,multipart_overlap,numerical_false_positive;multipart_overlap,79,7,,72,,,,,a8b137a65755a8da7f4c546f5822a7b3ca736b29271414e5088c036b21fc1575,a59b7f55537b111122927e7dac184ccf9954d57acba2071f083674808625ff8b,temp/quality-final-campaign-20261006/external/quality/ext01_3b4702e/primitive_fit_refine/artifacts/validated-mesh.obj
ext01_3b4702e,quality,differentiable_refine,differentiable_refine,unqualified_due_guard_or_bound,,,,,,,,topology_or_volume_guard_failed,,0178814e553972bbe5212c3038d3feefb34bc096b26f71255c3dc151d2cb8c1d,26378a5229bfe84776910c7675398a23b65d8c692b7a8e4e2a67563bcd027eb4,temp/quality-final-campaign-20261006/external/quality/ext01_3b4702e/differentiable_refine/artifacts/validated-mesh.obj
ext01_3b4702e,quality,hybrid_loft_hull,hybrid_loft_hull,unqualified_due_guard_or_bound,,,,,,,,topology_or_volume_guard_failed;triangle_limit_exceeded,,a758f7ea142cd2e20be7fe67978e4db669de3dcefd544d67d3eabc3df9e5671c,ab6c8daa1598cf46b002c72da42d4c61abefccf0838ff1697ffb43da90edf3ad,temp/quality-final-campaign-20261006/external/quality/ext01_3b4702e/hybrid_loft_hull/artifacts/validated-mesh.obj
ext01_3b4702e,quality,shape_program,shape_program,numerical_false_positive,numerical_false_positive,2,2,,,,,,checked,da7f91bcf233da12986e0d1eaf02af8d941d89a781c1aeafa4dd0b126111d399,a6e46b87dbfdab57ca9914d78eb5f9c0dcfb0231a9b7fb619fd19019258de50d,temp/quality-final-campaign-20261006/external/quality/ext01_3b4702e/shape_program/artifacts/validated-mesh.obj
ext01_3b4702e,quality,ensemble,visual_hull_voxel,unqualified_due_guard_or_bound,,,,,,,,topology_or_volume_guard_failed;triangle_limit_exceeded,,a758f7ea142cd2e20be7fe67978e4db669de3dcefd544d67d3eabc3df9e5671c,ab6c8daa1598cf46b002c72da42d4c61abefccf0838ff1697ffb43da90edf3ad,temp/quality-final-campaign-20261006/performance/ext01_3b4702e/quality/cold/quality/ext01_3b4702e/ensemble/artifacts/validated-mesh.obj
ext01_3b4702e,cpu_dvx,differentiable_refine,differentiable_refine,true_self_intersection,true_self_intersection;multipart_overlap,261,,59,202,,,,rejected,4cb357c44070d52b18a95159784c4b82f84df875ec4adce5e0d715cdcba985d6,9f17d9934823cf9d5bb1a3b587f1fc9d9fb7380a5792450933babf36aea06ec4,temp/quality-final-campaign-20261006/external/cpu_dvx/ext01_3b4702e/differentiable_refine/artifacts/validated-mesh.obj
ext01_3b4702e,cpu_dvx,ensemble,visual_hull_voxel,unqualified_due_guard_or_bound,,,,,,,,topology_or_volume_guard_failed;triangle_limit_exceeded,,a758f7ea142cd2e20be7fe67978e4db669de3dcefd544d67d3eabc3df9e5671c,ab6c8daa1598cf46b002c72da42d4c61abefccf0838ff1697ffb43da90edf3ad,temp/quality-final-campaign-20261006/performance/ext01_3b4702e/cpu_dvx/cold/cpu_dvx/ext01_3b4702e/ensemble/artifacts/validated-mesh.obj
ext02_963c5f8,quality,profile_loft,profile_loft,numerical_false_positive,numerical_false_positive,1,1,,,,,,checked,ba0e331c611fa02478494f3cd8b51d9cda7bea2625adcfd537469f369724f631,3e6b18aef977a6109c4782ef90c6a8a401dbb30b90f7333f50f6543d0c38b808,temp/quality-final-campaign-20261006/external/quality/ext02_963c5f8/profile_loft/artifacts/validated-mesh.obj
ext02_963c5f8,quality,visual_hull_voxel,visual_hull_voxel,unqualified_due_guard_or_bound,,,,,,,,topology_or_volume_guard_failed;triangle_limit_exceeded,,cc6d7d21397c60bbe832868179e52d8a56f96f1b8bdfdf5f9be73525c35b1c49,7fba8f39b1cddc54d2543c45ef276f8de762eb8b74be4989419349b91f50815b,temp/quality-final-campaign-20261006/external/quality/ext02_963c5f8/visual_hull_voxel/artifacts/validated-mesh.obj
ext02_963c5f8,quality,gaussian_ellipsoid_proxy,gaussian_ellipsoid_proxy,unqualified_due_guard_or_bound,,,,,,,,topology_or_volume_guard_failed,,743bd182643422bc7f009e86dcd6f39ee3f170e1d88de32c326ad64d0f007d91,5f326682926042c0a1267a8e3eb65dcfe081ad0c4f6904d9f233fdd6aef8ad4e,temp/quality-final-campaign-20261006/external/quality/ext02_963c5f8/gaussian_ellipsoid_proxy/artifacts/validated-mesh.obj
ext02_963c5f8,quality,primitive_fit_refine,primitive_fit_refine,unqualified_due_guard_or_bound,,,,,,,,topology_or_volume_guard_failed,,29bb10168655550ca2d452b5b4617aaa42f1cec461d1119af985ac8545043a12,07ead862acbac7a774b9a7101037985365ab1d2986642f980baa62c521e91612,temp/quality-final-campaign-20261006/external/quality/ext02_963c5f8/primitive_fit_refine/artifacts/validated-mesh.obj
ext02_963c5f8,quality,differentiable_refine,differentiable_refine,unqualified_due_guard_or_bound,,,,,,,,topology_or_volume_guard_failed,,c5e6f970921097af0ddc9236ff4ffdc85466ed3b49c6c81d026cac57385a9a32,f0f390e2f05d6f57a699a10e6282715e784ff1b096a2c35d56eae37110b762ee,temp/quality-final-campaign-20261006/external/quality/ext02_963c5f8/differentiable_refine/artifacts/validated-mesh.obj
ext02_963c5f8,quality,hybrid_loft_hull,hybrid_loft_hull,unqualified_due_guard_or_bound,,,,,,,,topology_or_volume_guard_failed;triangle_limit_exceeded,,d83a7c6f2ee84812b606a1ee0bfdacd9bbba4b5b93325822f95985f0d7c48138,c28eea9e4f63bef64da94fbe2867600a8b97305c7f07fb4a6440fabd9bd85933,temp/quality-final-campaign-20261006/external/quality/ext02_963c5f8/hybrid_loft_hull/artifacts/validated-mesh.obj
ext02_963c5f8,quality,shape_program,shape_program,qualified_original_receipt_not_remeasured,,,,,,,,,,,,temp/quality-final-campaign-20261006/external/quality/ext02_963c5f8/shape_program/artifacts/validated-mesh.obj
ext02_963c5f8,quality,ensemble,visual_hull_voxel,unqualified_due_guard_or_bound,,,,,,,,topology_or_volume_guard_failed;triangle_limit_exceeded,,d83a7c6f2ee84812b606a1ee0bfdacd9bbba4b5b93325822f95985f0d7c48138,c28eea9e4f63bef64da94fbe2867600a8b97305c7f07fb4a6440fabd9bd85933,temp/quality-final-campaign-20261006/performance/ext02_963c5f8/quality/cold/quality/ext02_963c5f8/ensemble/artifacts/validated-mesh.obj
ext02_963c5f8,cpu_dvx,differentiable_refine,differentiable_refine,true_self_intersection,multipart_overlap;true_self_intersection,408,,108,300,,,,rejected,b2362c65f6507372f9468ed1e19042ffe2e73056531517a3aacc4e8747e096b3,1cd569ae80e34579b09310e22afa485169855781f22a00e317b157cd2876d134,temp/quality-final-campaign-20261006/external/cpu_dvx/ext02_963c5f8/differentiable_refine/artifacts/validated-mesh.obj
ext02_963c5f8,cpu_dvx,ensemble,visual_hull_voxel,unqualified_due_guard_or_bound,,,,,,,,topology_or_volume_guard_failed;triangle_limit_exceeded,,d83a7c6f2ee84812b606a1ee0bfdacd9bbba4b5b93325822f95985f0d7c48138,c28eea9e4f63bef64da94fbe2867600a8b97305c7f07fb4a6440fabd9bd85933,temp/quality-final-campaign-20261006/performance/ext02_963c5f8/cpu_dvx/cold/cpu_dvx/ext02_963c5f8/ensemble/artifacts/validated-mesh.obj
ext02_963c5f8,default,profile_loft,profile_loft,qualified_original_receipt_not_remeasured,,,,,,,,,,,,temp/quality-final-campaign-20261006/external/default/ext02_963c5f8/profile_loft/artifacts/validated-mesh.obj
ext02_963c5f8,default,visual_hull_voxel,visual_hull_voxel,unqualified_due_guard_or_bound,,,,,,,,topology_or_volume_guard_failed;triangle_limit_exceeded,,687889edcdf097b71c4a2b9d65019147ebba43a380f3453cb9e2a22110920547,3136514d06a793c740adcc6f97d7df7360015d6603aa361aabd2b7d61a3c185e,temp/quality-final-campaign-20261006/external/default/ext02_963c5f8/visual_hull_voxel/artifacts/validated-mesh.obj
ext02_963c5f8,default,gaussian_ellipsoid_proxy,gaussian_ellipsoid_proxy,unqualified_due_guard_or_bound,,,,,,,,topology_or_volume_guard_failed,,743bd182643422bc7f009e86dcd6f39ee3f170e1d88de32c326ad64d0f007d91,5f326682926042c0a1267a8e3eb65dcfe081ad0c4f6904d9f233fdd6aef8ad4e,temp/quality-final-campaign-20261006/external/default/ext02_963c5f8/gaussian_ellipsoid_proxy/artifacts/validated-mesh.obj
ext02_963c5f8,default,primitive_fit_refine,primitive_fit_refine,multipart_overlap,multipart_overlap;numerical_false_positive,177,21,,156,,,,,81c42d0c5484b15bac03980968f4ed1abd491cbd92cdede700a4c9723ff0a398,0ee7cb7c811869269cd46dfe85b2288da9f19b44b696d59e8fccd228bca91687,temp/quality-final-campaign-20261006/external/default/ext02_963c5f8/primitive_fit_refine/artifacts/validated-mesh.obj
ext02_963c5f8,default,differentiable_refine,differentiable_refine,unqualified_due_guard_or_bound,,,,,,,,topology_or_volume_guard_failed,,c5e6f970921097af0ddc9236ff4ffdc85466ed3b49c6c81d026cac57385a9a32,f0f390e2f05d6f57a699a10e6282715e784ff1b096a2c35d56eae37110b762ee,temp/quality-final-campaign-20261006/external/default/ext02_963c5f8/differentiable_refine/artifacts/validated-mesh.obj
ext02_963c5f8,default,hybrid_loft_hull,hybrid_loft_hull,unqualified_due_guard_or_bound,,,,,,,,topology_or_volume_guard_failed;triangle_limit_exceeded,,0d2f1ec6a595b932794431f3b85863fd472707398cef61a39a0b839330ce0dcc,802303565b612ffceb3909619311b260540024a1e0a1e94d630bf21a87c54572,temp/quality-final-campaign-20261006/external/default/ext02_963c5f8/hybrid_loft_hull/artifacts/validated-mesh.obj
ext02_963c5f8,default,shape_program,shape_program,qualified_original_receipt_not_remeasured,,,,,,,,,,,,temp/quality-final-campaign-20261006/external/default/ext02_963c5f8/shape_program/artifacts/validated-mesh.obj
ext02_963c5f8,default,ensemble,visual_hull_voxel,unqualified_due_guard_or_bound,,,,,,,,topology_or_volume_guard_failed;triangle_limit_exceeded,,0d2f1ec6a595b932794431f3b85863fd472707398cef61a39a0b839330ce0dcc,802303565b612ffceb3909619311b260540024a1e0a1e94d630bf21a87c54572,temp/quality-final-campaign-20261006/performance/ext02_963c5f8/default/cold/default/ext02_963c5f8/ensemble/artifacts/validated-mesh.obj
ext03_8a5c0fd,cpu_dvx,differentiable_refine,differentiable_refine,true_self_intersection,true_self_intersection;multipart_overlap,471,,92,379,,,,rejected,a21bd7923789a9fa1a949cc4d6f56680373f028bf0903ad93086cee3ae40fcb9,7a5886fae3fb2080e873972763a20cb8039f6967167f9d55e5fb135200da41b3,temp/quality-final-campaign-20261006/external/cpu_dvx/ext03_8a5c0fd/differentiable_refine/artifacts/validated-mesh.obj
ext03_8a5c0fd,cpu_dvx,ensemble,visual_hull_voxel,unqualified_due_guard_or_bound,,,,,,,,topology_or_volume_guard_failed;triangle_limit_exceeded,,40532a54dabaa435b6dacc2f8f06ac51ebe79563c15398a67d7924eedcaf36fd,22839d723509b458846c02bea438b8c2546713c3a6a13eb8bd56dd77200879b8,temp/quality-final-campaign-20261006/performance/ext03_8a5c0fd/cpu_dvx/cold/cpu_dvx/ext03_8a5c0fd/ensemble/artifacts/validated-mesh.obj
ext03_8a5c0fd,default,profile_loft,profile_loft,qualified_original_receipt_not_remeasured,,,,,,,,,,,,temp/quality-final-campaign-20261006/external/default/ext03_8a5c0fd/profile_loft/artifacts/validated-mesh.obj
ext03_8a5c0fd,default,visual_hull_voxel,visual_hull_voxel,unqualified_due_guard_or_bound,,,,,,,,topology_or_volume_guard_failed;triangle_limit_exceeded,,271d1c594d4f4a551281b7451dcfb43f3df00447c5de6cb2db187bc72041a230,6307e5df039031c91c4734c727ebd422d6375db50f65c4196b356dc38c5177b3,temp/quality-final-campaign-20261006/external/default/ext03_8a5c0fd/visual_hull_voxel/artifacts/validated-mesh.obj
ext03_8a5c0fd,default,gaussian_ellipsoid_proxy,gaussian_ellipsoid_proxy,unqualified_due_guard_or_bound,,,,,,,,topology_or_volume_guard_failed,,c81f089a8070641a8c739188c9eb869929ae6827e658c5cf5eaa1bc972950c0e,bedce932168a88011a9dc0879dc8e96cba0413128886013749a361259f3393e5,temp/quality-final-campaign-20261006/external/default/ext03_8a5c0fd/gaussian_ellipsoid_proxy/artifacts/validated-mesh.obj
ext03_8a5c0fd,default,primitive_fit_refine,primitive_fit_refine,multipart_overlap,numerical_false_positive;multipart_overlap,285,14,,271,,,,,9e4c2c7ed597dc198fd7cff31cc27bf5de4ac368f21eac4c3b9c7a7bffe61bd8,491011fcd7b065253ae225c3e99aa97f95372fc499260f562d1321c28bdb0916,temp/quality-final-campaign-20261006/external/default/ext03_8a5c0fd/primitive_fit_refine/artifacts/validated-mesh.obj
ext03_8a5c0fd,default,differentiable_refine,differentiable_refine,unqualified_due_guard_or_bound,,,,,,,,topology_or_volume_guard_failed,,540a9932a9392ee353235ab6c11a9006eb092510ba2055b6f357fadb2e353202,77034be337281327f1fc45015cd8448c6a457c5f8b6a179b82c8485de3243f30,temp/quality-final-campaign-20261006/external/default/ext03_8a5c0fd/differentiable_refine/artifacts/validated-mesh.obj
ext03_8a5c0fd,default,hybrid_loft_hull,hybrid_loft_hull,unqualified_due_guard_or_bound,,,,,,,,topology_or_volume_guard_failed;triangle_limit_exceeded,,ff78ff4395df7a5087ce2a83de349c26d9496465ff2a2752bb20e76065acc608,5a7782fae396e31b488a527a009f1153d9938bd45757f4c71a1cbe0cfddf3715,temp/quality-final-campaign-20261006/external/default/ext03_8a5c0fd/hybrid_loft_hull/artifacts/validated-mesh.obj
ext03_8a5c0fd,default,shape_program,shape_program,duplicate_or_coincident_surface,boundary_contact;multipart_overlap;duplicate_or_coincident_surface,996,,,276,232,488,,,ad236d85e9d7e137344f7cf11e72cfef6fce80bf5bf63281da89df294fe41f1c,1f66ba049e80a7f93aa358b0789405b639d88c8d6c395c6b63b7579f00dbfeff,temp/quality-final-campaign-20261006/external/default/ext03_8a5c0fd/shape_program/artifacts/validated-mesh.obj
ext03_8a5c0fd,default,ensemble,visual_hull_voxel,unqualified_due_guard_or_bound,,,,,,,,topology_or_volume_guard_failed;triangle_limit_exceeded,,ff78ff4395df7a5087ce2a83de349c26d9496465ff2a2752bb20e76065acc608,5a7782fae396e31b488a527a009f1153d9938bd45757f4c71a1cbe0cfddf3715,temp/quality-final-campaign-20261006/performance/ext03_8a5c0fd/default/cold/default/ext03_8a5c0fd/ensemble/artifacts/validated-mesh.obj
ext03_8a5c0fd,quality,profile_loft,profile_loft,qualified_original_receipt_not_remeasured,,,,,,,,,,,,temp/quality-final-campaign-20261006/external/quality/ext03_8a5c0fd/profile_loft/artifacts/validated-mesh.obj
ext03_8a5c0fd,quality,visual_hull_voxel,visual_hull_voxel,unqualified_due_guard_or_bound,,,,,,,,topology_or_volume_guard_failed;triangle_limit_exceeded,,22df496d34e0a30757d24d423f3be1831f24c740c28bdd84957e7d62a87d120d,46069b15c463eaff3d3d43309cbf2faabe6718cfb72bc8ec5a84f7b04cc50821,temp/quality-final-campaign-20261006/external/quality/ext03_8a5c0fd/visual_hull_voxel/artifacts/validated-mesh.obj
ext03_8a5c0fd,quality,gaussian_ellipsoid_proxy,gaussian_ellipsoid_proxy,unqualified_due_guard_or_bound,,,,,,,,topology_or_volume_guard_failed,,c81f089a8070641a8c739188c9eb869929ae6827e658c5cf5eaa1bc972950c0e,bedce932168a88011a9dc0879dc8e96cba0413128886013749a361259f3393e5,temp/quality-final-campaign-20261006/external/quality/ext03_8a5c0fd/gaussian_ellipsoid_proxy/artifacts/validated-mesh.obj
ext03_8a5c0fd,quality,differentiable_refine,differentiable_refine,unqualified_due_guard_or_bound,,,,,,,,topology_or_volume_guard_failed,,540a9932a9392ee353235ab6c11a9006eb092510ba2055b6f357fadb2e353202,77034be337281327f1fc45015cd8448c6a457c5f8b6a179b82c8485de3243f30,temp/quality-final-campaign-20261006/external/quality/ext03_8a5c0fd/differentiable_refine/artifacts/validated-mesh.obj
ext03_8a5c0fd,quality,hybrid_loft_hull,hybrid_loft_hull,unqualified_due_guard_or_bound,,,,,,,,topology_or_volume_guard_failed;triangle_limit_exceeded,,40532a54dabaa435b6dacc2f8f06ac51ebe79563c15398a67d7924eedcaf36fd,22839d723509b458846c02bea438b8c2546713c3a6a13eb8bd56dd77200879b8,temp/quality-final-campaign-20261006/external/quality/ext03_8a5c0fd/hybrid_loft_hull/artifacts/validated-mesh.obj
ext03_8a5c0fd,quality,shape_program,shape_program,qualified_original_receipt_not_remeasured,,,,,,,,,,,,temp/quality-final-campaign-20261006/external/quality/ext03_8a5c0fd/shape_program/artifacts/validated-mesh.obj
ext03_8a5c0fd,quality,ensemble,visual_hull_voxel,unqualified_due_guard_or_bound,,,,,,,,topology_or_volume_guard_failed;triangle_limit_exceeded,,40532a54dabaa435b6dacc2f8f06ac51ebe79563c15398a67d7924eedcaf36fd,22839d723509b458846c02bea438b8c2546713c3a6a13eb8bd56dd77200879b8,temp/quality-final-campaign-20261006/performance/ext03_8a5c0fd/quality/cold/quality/ext03_8a5c0fd/ensemble/artifacts/validated-mesh.obj
ext04_94f6eb4,default,profile_loft,profile_loft,qualified_original_receipt_not_remeasured,,,,,,,,,,,,temp/quality-final-campaign-20261006/external/default/ext04_94f6eb4/profile_loft/artifacts/validated-mesh.obj
ext04_94f6eb4,default,visual_hull_voxel,visual_hull_voxel,unqualified_due_guard_or_bound,,,,,,,,topology_or_volume_guard_failed;triangle_limit_exceeded,,d529b611f9906747f4d6394557d7fbeff575a68493e3e2ae9289d362d596bb28,5f5fcb45ceb4fdda137b8280c45014a7331f41972f17bddca3e5bc568587649c,temp/quality-final-campaign-20261006/external/default/ext04_94f6eb4/visual_hull_voxel/artifacts/validated-mesh.obj
ext04_94f6eb4,default,gaussian_ellipsoid_proxy,gaussian_ellipsoid_proxy,unqualified_due_guard_or_bound,,,,,,,,topology_or_volume_guard_failed,,49c6e52798cf0962d76102e83e8b742f07a21b424f4387264b795be358824f58,646f26a8d544416435a64fa07bce097503d0616c53361964a63a3fba9dc32561,temp/quality-final-campaign-20261006/external/default/ext04_94f6eb4/gaussian_ellipsoid_proxy/artifacts/validated-mesh.obj
ext04_94f6eb4,default,primitive_fit_refine,primitive_fit_refine,unqualified_due_guard_or_bound,,,,,,,,topology_or_volume_guard_failed,,71f6c6dc817068f558fd7829446977768157e0a6b4ac778c59b48a8fd2d5df19,169d2c5ee2357e70d2994358c8a4a1d6708b12ee3ff7afdf9a6a1a1c0f4683b2,temp/quality-final-campaign-20261006/external/default/ext04_94f6eb4/primitive_fit_refine/artifacts/validated-mesh.obj
ext04_94f6eb4,default,differentiable_refine,differentiable_refine,unqualified_due_guard_or_bound,,,,,,,,topology_or_volume_guard_failed,,960e8d85fa83e69cd947f73e2bed1138578d21e6887cf5559a04d5239c7a49a1,f7982cd6d96ef27b967f4b701d784a4b78c48901e9ef73762cf1b660b1a3b8c8,temp/quality-final-campaign-20261006/external/default/ext04_94f6eb4/differentiable_refine/artifacts/validated-mesh.obj
ext04_94f6eb4,default,hybrid_loft_hull,hybrid_loft_hull,unqualified_due_guard_or_bound,,,,,,,,topology_or_volume_guard_failed;triangle_limit_exceeded,,e037337065981bac96a08039907755a30c4020cde912b1da971238c281029e19,ea682b3d7c7a935340617293df1e9310b3b47ba855ac35180190769b75e44011,temp/quality-final-campaign-20261006/external/default/ext04_94f6eb4/hybrid_loft_hull/artifacts/validated-mesh.obj
ext04_94f6eb4,default,shape_program,shape_program,duplicate_or_coincident_surface,boundary_contact;duplicate_or_coincident_surface,336,,,,96,240,,,71feeb84df5fcb0409d6a772ce5fe33ac0deaf8390dc87d56848df4e03062616,711d10717dac13db8da8310bf31f4a59a6d13865d3b24f5a40c5ea4dd5beec82,temp/quality-final-campaign-20261006/external/default/ext04_94f6eb4/shape_program/artifacts/validated-mesh.obj
ext04_94f6eb4,default,ensemble,visual_hull_voxel,unqualified_due_guard_or_bound,,,,,,,,topology_or_volume_guard_failed;triangle_limit_exceeded,,e037337065981bac96a08039907755a30c4020cde912b1da971238c281029e19,ea682b3d7c7a935340617293df1e9310b3b47ba855ac35180190769b75e44011,temp/quality-final-campaign-20261006/performance/ext04_94f6eb4/default/cold/default/ext04_94f6eb4/ensemble/artifacts/validated-mesh.obj
ext04_94f6eb4,quality,profile_loft,profile_loft,qualified_original_receipt_not_remeasured,,,,,,,,,,,,temp/quality-final-campaign-20261006/external/quality/ext04_94f6eb4/profile_loft/artifacts/validated-mesh.obj
ext04_94f6eb4,quality,visual_hull_voxel,visual_hull_voxel,unqualified_due_guard_or_bound,,,,,,,,topology_or_volume_guard_failed;triangle_limit_exceeded,,bc1c2ed16b50909ecf98113a4ed92c01de332f70162afb16130cf729a9e16c48,7c2180c9f3f51f6ed6c680fa6da7e946979ccb74f4ef077848b2f63290e813c1,temp/quality-final-campaign-20261006/external/quality/ext04_94f6eb4/visual_hull_voxel/artifacts/validated-mesh.obj
ext04_94f6eb4,quality,gaussian_ellipsoid_proxy,gaussian_ellipsoid_proxy,unqualified_due_guard_or_bound,,,,,,,,topology_or_volume_guard_failed,,49c6e52798cf0962d76102e83e8b742f07a21b424f4387264b795be358824f58,646f26a8d544416435a64fa07bce097503d0616c53361964a63a3fba9dc32561,temp/quality-final-campaign-20261006/external/quality/ext04_94f6eb4/gaussian_ellipsoid_proxy/artifacts/validated-mesh.obj
ext04_94f6eb4,quality,primitive_fit_refine,primitive_fit_refine,unqualified_due_guard_or_bound,,,,,,,,topology_or_volume_guard_failed,,d05d8518d29541fdeb058fec329ac2b86903206b6f081b97e7d3525824c53a92,d1821841cd335559aa548ae535534ae6b62447df99cb59887f9be93744395c05,temp/quality-final-campaign-20261006/external/quality/ext04_94f6eb4/primitive_fit_refine/artifacts/validated-mesh.obj
ext04_94f6eb4,quality,differentiable_refine,differentiable_refine,unqualified_due_guard_or_bound,,,,,,,,topology_or_volume_guard_failed,,960e8d85fa83e69cd947f73e2bed1138578d21e6887cf5559a04d5239c7a49a1,f7982cd6d96ef27b967f4b701d784a4b78c48901e9ef73762cf1b660b1a3b8c8,temp/quality-final-campaign-20261006/external/quality/ext04_94f6eb4/differentiable_refine/artifacts/validated-mesh.obj
ext04_94f6eb4,quality,hybrid_loft_hull,hybrid_loft_hull,unqualified_due_guard_or_bound,,,,,,,,topology_or_volume_guard_failed;triangle_limit_exceeded,,0f1676ec6d8f1dd19265700db557243fb10bc2896d4bee76520220db3d88d253,e7c2b6176b5eb7db3c34c52d12b6c240c214bcfcd0f40588e624b0cfca009967,temp/quality-final-campaign-20261006/external/quality/ext04_94f6eb4/hybrid_loft_hull/artifacts/validated-mesh.obj
ext04_94f6eb4,quality,shape_program,shape_program,qualified_original_receipt_not_remeasured,,,,,,,,,,,,temp/quality-final-campaign-20261006/external/quality/ext04_94f6eb4/shape_program/artifacts/validated-mesh.obj
ext04_94f6eb4,quality,ensemble,visual_hull_voxel,unqualified_due_guard_or_bound,,,,,,,,topology_or_volume_guard_failed;triangle_limit_exceeded,,0f1676ec6d8f1dd19265700db557243fb10bc2896d4bee76520220db3d88d253,e7c2b6176b5eb7db3c34c52d12b6c240c214bcfcd0f40588e624b0cfca009967,temp/quality-final-campaign-20261006/performance/ext04_94f6eb4/quality/cold/quality/ext04_94f6eb4/ensemble/artifacts/validated-mesh.obj
ext04_94f6eb4,cpu_dvx,differentiable_refine,differentiable_refine,true_self_intersection,multipart_overlap;true_self_intersection,485,,112,373,,,,rejected,7c6b0faf2ad34eb96a7deda800caf4745d8b02eb11d91cb95eb1d16d8b82c06f,21c024a351d65e5f0dc5994cfc46b21d72b3a72a8a370c7634da7d3e023fcdbf,temp/quality-final-campaign-20261006/external/cpu_dvx/ext04_94f6eb4/differentiable_refine/artifacts/validated-mesh.obj
ext04_94f6eb4,cpu_dvx,ensemble,visual_hull_voxel,unqualified_due_guard_or_bound,,,,,,,,topology_or_volume_guard_failed;triangle_limit_exceeded,,0f1676ec6d8f1dd19265700db557243fb10bc2896d4bee76520220db3d88d253,e7c2b6176b5eb7db3c34c52d12b6c240c214bcfcd0f40588e624b0cfca009967,temp/quality-final-campaign-20261006/performance/ext04_94f6eb4/cpu_dvx/cold/cpu_dvx/ext04_94f6eb4/ensemble/artifacts/validated-mesh.obj
ext05_1b41e3e,quality,profile_loft,profile_loft,qualified_original_receipt_not_remeasured,,,,,,,,,,,,temp/quality-final-campaign-20261006/external/quality/ext05_1b41e3e/profile_loft/artifacts/validated-mesh.obj
ext05_1b41e3e,quality,visual_hull_voxel,visual_hull_voxel,unqualified_due_guard_or_bound,,,,,,,,topology_or_volume_guard_failed;triangle_limit_exceeded,,4613e14539d0e86869561574519bd855e16bcba6f2a67e7cac576c07d1265114,fac4cf6e2bafd89cd9b3e0331167d51ab756e9420f6ff717e7b1f0c1f80fa04f,temp/quality-final-campaign-20261006/external/quality/ext05_1b41e3e/visual_hull_voxel/artifacts/validated-mesh.obj
ext05_1b41e3e,quality,gaussian_ellipsoid_proxy,gaussian_ellipsoid_proxy,unqualified_due_guard_or_bound,,,,,,,,topology_or_volume_guard_failed,,861e74e257df3d29ffe616cd88c3333f2f2b404c8666397782a6f7a55c09e462,9b28adf84326c89bd841e66f59a6a85009d9f413470fa9fcb6785787c124b787,temp/quality-final-campaign-20261006/external/quality/ext05_1b41e3e/gaussian_ellipsoid_proxy/artifacts/validated-mesh.obj
ext05_1b41e3e,quality,primitive_fit_refine,primitive_fit_refine,unqualified_due_guard_or_bound,,,,,,,,topology_or_volume_guard_failed,,6eba39dcd6446ac46cd3b20935b44c426a3a5f0ce195a973a1b69700882a9c7a,f52184335189f4c48546a237f0b74daeb846ca035379463ed85aba6cb839044f,temp/quality-final-campaign-20261006/external/quality/ext05_1b41e3e/primitive_fit_refine/artifacts/validated-mesh.obj
ext05_1b41e3e,quality,differentiable_refine,differentiable_refine,unqualified_due_guard_or_bound,,,,,,,,topology_or_volume_guard_failed,,e660945abe6fcd8047092c5fe6ec0344c64344ff9accacbec5ca99c076487c1b,f7c447d4a1308493423a99605e32d9f59498e75a75ac503ff4d07d7227c20be1,temp/quality-final-campaign-20261006/external/quality/ext05_1b41e3e/differentiable_refine/artifacts/validated-mesh.obj
ext05_1b41e3e,quality,hybrid_loft_hull,hybrid_loft_hull,unqualified_due_guard_or_bound,,,,,,,,topology_or_volume_guard_failed;triangle_limit_exceeded,,75173d1961683bd5c53fe0a1f6605245e62cce7b063d59ed1ac3ee9b6850d7ec,2d201e502a3916b65d2becbecdaf630714a7ed891a61284c9c56209368950165,temp/quality-final-campaign-20261006/external/quality/ext05_1b41e3e/hybrid_loft_hull/artifacts/validated-mesh.obj
ext05_1b41e3e,quality,shape_program,shape_program,qualified_original_receipt_not_remeasured,,,,,,,,,,,,temp/quality-final-campaign-20261006/external/quality/ext05_1b41e3e/shape_program/artifacts/validated-mesh.obj
ext05_1b41e3e,quality,ensemble,silhouette_intersection,unqualified_due_guard_or_bound,,,,,,,,topology_or_volume_guard_failed,,09ae52ec7e5433d9347a30256aab6869082ec269df84c786c71656da8e61dae0,8dbfb37ba731dbd8c854739ccb9a0a495e7360b00ee987be44eb9548e537d13a,temp/quality-final-campaign-20261006/performance/ext05_1b41e3e/quality/cold/quality/ext05_1b41e3e/ensemble/artifacts/validated-mesh.obj
ext05_1b41e3e,cpu_dvx,differentiable_refine,differentiable_refine,true_self_intersection,true_self_intersection;multipart_overlap,459,,162,297,,,,rejected,a3137b3a8594a661c399a3a5e6333517a6434efed8de46509cd291a01e2e6ae2,987da05fa1c1f1335ad02dd20fdb775bcdc71502d4af4fe28a9f7b90cbbd1f07,temp/quality-final-campaign-20261006/external/cpu_dvx/ext05_1b41e3e/differentiable_refine/artifacts/validated-mesh.obj
ext05_1b41e3e,cpu_dvx,ensemble,silhouette_intersection,unqualified_due_guard_or_bound,,,,,,,,topology_or_volume_guard_failed,,055483f34c5c369522f81712eb6a71b3cda513f76ceeafb228801a479091f74c,5bab311bf351dbe2d9cfcc134ae11548218907542507161ae69258e6c2a4eb0c,temp/quality-final-campaign-20261006/performance/ext05_1b41e3e/cpu_dvx/cold/cpu_dvx/ext05_1b41e3e/ensemble/artifacts/validated-mesh.obj
ext05_1b41e3e,default,profile_loft,profile_loft,qualified_original_receipt_not_remeasured,,,,,,,,,,,,temp/quality-final-campaign-20261006/external/default/ext05_1b41e3e/profile_loft/artifacts/validated-mesh.obj
ext05_1b41e3e,default,visual_hull_voxel,visual_hull_voxel,unqualified_due_guard_or_bound,,,,,,,,topology_or_volume_guard_failed;triangle_limit_exceeded,,a1136d975648d64d3d2bcb02670103d80649bf3c21f488a78600f72e307db71e,3dd765f81e6c0d2fb551856da697090b7688dfe224b59795a6d53d9f08a6b590,temp/quality-final-campaign-20261006/external/default/ext05_1b41e3e/visual_hull_voxel/artifacts/validated-mesh.obj
ext05_1b41e3e,default,gaussian_ellipsoid_proxy,gaussian_ellipsoid_proxy,unqualified_due_guard_or_bound,,,,,,,,topology_or_volume_guard_failed,,861e74e257df3d29ffe616cd88c3333f2f2b404c8666397782a6f7a55c09e462,9b28adf84326c89bd841e66f59a6a85009d9f413470fa9fcb6785787c124b787,temp/quality-final-campaign-20261006/external/default/ext05_1b41e3e/gaussian_ellipsoid_proxy/artifacts/validated-mesh.obj
ext05_1b41e3e,default,primitive_fit_refine,primitive_fit_refine,unqualified_due_guard_or_bound,,,,,,,,topology_or_volume_guard_failed,,fddbda1fcb002423b5202f993fd1c76151472e712fc81ff0d34552e9866a7477,33c745cb5882740a9ef33f76ac8c4ccf63b6c3f05e8c7ad196ef97c4aab6df2a,temp/quality-final-campaign-20261006/external/default/ext05_1b41e3e/primitive_fit_refine/artifacts/validated-mesh.obj
ext05_1b41e3e,default,differentiable_refine,differentiable_refine,unqualified_due_guard_or_bound,,,,,,,,topology_or_volume_guard_failed,,e660945abe6fcd8047092c5fe6ec0344c64344ff9accacbec5ca99c076487c1b,f7c447d4a1308493423a99605e32d9f59498e75a75ac503ff4d07d7227c20be1,temp/quality-final-campaign-20261006/external/default/ext05_1b41e3e/differentiable_refine/artifacts/validated-mesh.obj
ext05_1b41e3e,default,hybrid_loft_hull,hybrid_loft_hull,unqualified_due_guard_or_bound,,,,,,,,topology_or_volume_guard_failed;triangle_limit_exceeded,,abbed1bf6ca86af5ce4db253981892e7758b376ffe65c85464b777d02f9449a6,a5beec530a196a8bd2bf0af8ba4215efe7504b25fde02fe951f60629f360fd86,temp/quality-final-campaign-20261006/external/default/ext05_1b41e3e/hybrid_loft_hull/artifacts/validated-mesh.obj
ext05_1b41e3e,default,shape_program,shape_program,duplicate_or_coincident_surface,duplicate_or_coincident_surface;boundary_contact,68333,,,,17588,50745,,,a38fc69245e93c34699f28b4e5fea4904b67b6993780dd50bd04b4124bf292d5,98f2ec0505a8cab2cb4e18b0d42ef928a4b0d22ac30bb2ce0bd84dce6d6d1e87,temp/quality-final-campaign-20261006/external/default/ext05_1b41e3e/shape_program/artifacts/validated-mesh.obj
ext05_1b41e3e,default,ensemble,visual_hull_voxel,unqualified_due_guard_or_bound,,,,,,,,topology_or_volume_guard_failed;triangle_limit_exceeded,,abbed1bf6ca86af5ce4db253981892e7758b376ffe65c85464b777d02f9449a6,a5beec530a196a8bd2bf0af8ba4215efe7504b25fde02fe951f60629f360fd86,temp/quality-final-campaign-20261006/performance/ext05_1b41e3e/default/cold/default/ext05_1b41e3e/ensemble/artifacts/validated-mesh.obj
ext06_0c3ca2b,cpu_dvx,differentiable_refine,differentiable_refine,true_self_intersection,true_self_intersection;multipart_overlap,329,,14,315,,,,rejected,10d80bb7cd853eb1f5f281a4dadf6592f43fe8099a7b0dc1dccfa2478b775b08,d0041e665bf1d986ad55a9d081a53fca143c7865441e6ecc46697c5d04dc42c0,temp/quality-final-campaign-20261006/external/cpu_dvx/ext06_0c3ca2b/differentiable_refine/artifacts/validated-mesh.obj
ext06_0c3ca2b,cpu_dvx,ensemble,profile_loft,qualified_original_receipt_not_remeasured,,,,,,,,,,,,temp/quality-final-campaign-20261006/performance/ext06_0c3ca2b/cpu_dvx/cold/cpu_dvx/ext06_0c3ca2b/ensemble/artifacts/validated-mesh.obj
ext06_0c3ca2b,default,profile_loft,profile_loft,qualified_original_receipt_not_remeasured,,,,,,,,,,,,temp/quality-final-campaign-20261006/external/default/ext06_0c3ca2b/profile_loft/artifacts/validated-mesh.obj
ext06_0c3ca2b,default,visual_hull_voxel,visual_hull_voxel,unqualified_due_guard_or_bound,,,,,,,,topology_or_volume_guard_failed;triangle_limit_exceeded,,71125526b3f80e2ba3938ecf28c7863fcc4b25883098025b1a1d68a321fda84a,a944d067f5d30ce00cc1f51cbfb183ee78668a717e90c7c057eae23a1345bd49,temp/quality-final-campaign-20261006/external/default/ext06_0c3ca2b/visual_hull_voxel/artifacts/validated-mesh.obj
ext06_0c3ca2b,default,gaussian_ellipsoid_proxy,gaussian_ellipsoid_proxy,unqualified_due_guard_or_bound,,,,,,,,topology_or_volume_guard_failed,,687e6a796b3a2a97292bc2f29d9ff6425345b9a3a67af3ee49ccd533fe736896,2e43b1a7963aeefa4185155337f6967953b93015f571774a2b5b6aed83dbbbdd,temp/quality-final-campaign-20261006/external/default/ext06_0c3ca2b/gaussian_ellipsoid_proxy/artifacts/validated-mesh.obj
ext06_0c3ca2b,default,primitive_fit_refine,primitive_fit_refine,multipart_overlap,numerical_false_positive;multipart_overlap,194,39,,155,,,,,f00b068568cd57c6abb003995857c8108a0ad847ab71ed8cee1fcc0a79538edd,aeefd960c86bd5a93e7cfbe05d532568147a2374921151aaf8ba256c89fbc136,temp/quality-final-campaign-20261006/external/default/ext06_0c3ca2b/primitive_fit_refine/artifacts/validated-mesh.obj
ext06_0c3ca2b,default,differentiable_refine,differentiable_refine,unqualified_due_guard_or_bound,,,,,,,,topology_or_volume_guard_failed,,0a8d16d6f69353cf65ddc92f4d7c50fdd03f9a06531cbb9525e3fd3d712ea5aa,25c0eabe584ba83c77629e142a720fe75579113bde0a7bc7a405b3e22172798c,temp/quality-final-campaign-20261006/external/default/ext06_0c3ca2b/differentiable_refine/artifacts/validated-mesh.obj
ext06_0c3ca2b,default,hybrid_loft_hull,hybrid_loft_hull,unqualified_due_guard_or_bound,,,,,,,,topology_or_volume_guard_failed;triangle_limit_exceeded,,7781a8d39dc763168d32073644b7f82909d60ed457f6bc8bda27421f1aa6b63f,bdcfde8272654670f5b073c398f4df104dfaecdb115d17cbe43673e7645fc5a1,temp/quality-final-campaign-20261006/external/default/ext06_0c3ca2b/hybrid_loft_hull/artifacts/validated-mesh.obj
ext06_0c3ca2b,default,shape_program,shape_program,duplicate_or_coincident_surface,duplicate_or_coincident_surface;boundary_contact;numerical_false_positive,2510,14,,,536,1960,,,d6cea956f42de9eab64823b789382f328c35da4abe063628adf62cd904a0d2f7,9ff63bcc133a9212b4b76699721ec090019e0e46ec1ab796498ad81bc27cd1e7,temp/quality-final-campaign-20261006/external/default/ext06_0c3ca2b/shape_program/artifacts/validated-mesh.obj
ext06_0c3ca2b,default,ensemble,visual_hull_voxel,unqualified_due_guard_or_bound,,,,,,,,topology_or_volume_guard_failed;triangle_limit_exceeded,,7781a8d39dc763168d32073644b7f82909d60ed457f6bc8bda27421f1aa6b63f,bdcfde8272654670f5b073c398f4df104dfaecdb115d17cbe43673e7645fc5a1,temp/quality-final-campaign-20261006/performance/ext06_0c3ca2b/default/cold/default/ext06_0c3ca2b/ensemble/artifacts/validated-mesh.obj
ext06_0c3ca2b,quality,profile_loft,profile_loft,qualified_original_receipt_not_remeasured,,,,,,,,,,,,temp/quality-final-campaign-20261006/external/quality/ext06_0c3ca2b/profile_loft/artifacts/validated-mesh.obj
ext06_0c3ca2b,quality,visual_hull_voxel,visual_hull_voxel,unqualified_due_guard_or_bound,,,,,,,,topology_or_volume_guard_failed;triangle_limit_exceeded,,5ce9d0aacbc02fa90f25c3be874cbdb808c2882fcc041e905d4587b356d18292,c5205647ec64fbd6c81d257e2e958eb9461343075152fa6670e18283f2a19c11,temp/quality-final-campaign-20261006/external/quality/ext06_0c3ca2b/visual_hull_voxel/artifacts/validated-mesh.obj
ext06_0c3ca2b,quality,gaussian_ellipsoid_proxy,gaussian_ellipsoid_proxy,unqualified_due_guard_or_bound,,,,,,,,topology_or_volume_guard_failed,,687e6a796b3a2a97292bc2f29d9ff6425345b9a3a67af3ee49ccd533fe736896,2e43b1a7963aeefa4185155337f6967953b93015f571774a2b5b6aed83dbbbdd,temp/quality-final-campaign-20261006/external/quality/ext06_0c3ca2b/gaussian_ellipsoid_proxy/artifacts/validated-mesh.obj
ext06_0c3ca2b,quality,primitive_fit_refine,primitive_fit_refine,multipart_overlap,numerical_false_positive;multipart_overlap,187,52,,135,,,,,8c17112f46bd560f46727697f083915e817148308880157566dfafb2db6a53d8,e783d362d4f9355436527fdf7c66e8a5c043b32b95639e9c426175e3b67b5149,temp/quality-final-campaign-20261006/external/quality/ext06_0c3ca2b/primitive_fit_refine/artifacts/validated-mesh.obj
ext06_0c3ca2b,quality,differentiable_refine,differentiable_refine,unqualified_due_guard_or_bound,,,,,,,,topology_or_volume_guard_failed,,0a8d16d6f69353cf65ddc92f4d7c50fdd03f9a06531cbb9525e3fd3d712ea5aa,25c0eabe584ba83c77629e142a720fe75579113bde0a7bc7a405b3e22172798c,temp/quality-final-campaign-20261006/external/quality/ext06_0c3ca2b/differentiable_refine/artifacts/validated-mesh.obj
ext06_0c3ca2b,quality,hybrid_loft_hull,hybrid_loft_hull,qualified_original_receipt_not_remeasured,,,,,,,,,,,,temp/quality-final-campaign-20261006/external/quality/ext06_0c3ca2b/hybrid_loft_hull/artifacts/validated-mesh.obj
ext06_0c3ca2b,quality,shape_program,shape_program,numerical_false_positive,numerical_false_positive,14,14,,,,,,checked,709a8fbfa3721459f7749bc9ebfee915b499f73cbbe1bf485b419ab9ac56ebf5,a8406f9c15009e6031810ce8bf5714fe9ef7b6a6bee265be465e57937347735a,temp/quality-final-campaign-20261006/external/quality/ext06_0c3ca2b/shape_program/artifacts/validated-mesh.obj
ext06_0c3ca2b,quality,ensemble,profile_loft,qualified_original_receipt_not_remeasured,,,,,,,,,,,,temp/quality-final-campaign-20261006/performance/ext06_0c3ca2b/quality/cold/quality/ext06_0c3ca2b/ensemble/artifacts/validated-mesh.obj
ext07_01fe14f,default,profile_loft,profile_loft,qualified_original_receipt_not_remeasured,,,,,,,,,,,,temp/quality-final-campaign-20261006/external/default/ext07_01fe14f/profile_loft/artifacts/validated-mesh.obj
ext07_01fe14f,default,visual_hull_voxel,visual_hull_voxel,unqualified_due_guard_or_bound,,,,,,,,topology_or_volume_guard_failed;triangle_limit_exceeded,,5e6ffb921a80996f61df8e41afb953f20b1e4ee31ea92f64cedd0bf6bf4503d3,e891d9d052146dd6ff6fa70d91e00c668d6c6792dfe8e9fa24c59b0d68f934a2,temp/quality-final-campaign-20261006/external/default/ext07_01fe14f/visual_hull_voxel/artifacts/validated-mesh.obj
ext07_01fe14f,default,gaussian_ellipsoid_proxy,gaussian_ellipsoid_proxy,unqualified_due_guard_or_bound,,,,,,,,topology_or_volume_guard_failed,,7ebb83eef3354d61d10c8fecfb035a6804a52e0b52591b781a2855c57a46b0c7,dfb0caa27f22709b702c7337fd325c4085656b12dba8e44b36833fb7f91a7bc9,temp/quality-final-campaign-20261006/external/default/ext07_01fe14f/gaussian_ellipsoid_proxy/artifacts/validated-mesh.obj
ext07_01fe14f,default,primitive_fit_refine,primitive_fit_refine,multipart_overlap,numerical_false_positive;multipart_overlap,170,26,,144,,,,,dc3e1cdd9ff3c0754616e9b3e1fc6ec54bdb087e8b8dc36eb9d9250f71cbf1e5,b6e44c3f918ed9a88ebbaca9e2fea496029e55920981d3ff0102e0a97fdff50d,temp/quality-final-campaign-20261006/external/default/ext07_01fe14f/primitive_fit_refine/artifacts/validated-mesh.obj
ext07_01fe14f,default,differentiable_refine,differentiable_refine,unqualified_due_guard_or_bound,,,,,,,,topology_or_volume_guard_failed,,b99e04529b988c29c6ae2424745bac4d11cef924c82e78b0841f516f20331afb,e260e8715e956890787ddcd13b5c9f036cce52157d9f2de723f22d740bc11e8c,temp/quality-final-campaign-20261006/external/default/ext07_01fe14f/differentiable_refine/artifacts/validated-mesh.obj
ext07_01fe14f,default,hybrid_loft_hull,hybrid_loft_hull,unqualified_due_guard_or_bound,,,,,,,,topology_or_volume_guard_failed;triangle_limit_exceeded,,7fd6a5a80109383430ba825e6dd0c0be53e004b8fc25d5d98280d1ef95e5bda9,63a8390f3ba3997c3e1ba54284b99ba61ae6d7739f518f1427a09a95eb4d19e7,temp/quality-final-campaign-20261006/external/default/ext07_01fe14f/hybrid_loft_hull/artifacts/validated-mesh.obj
ext07_01fe14f,default,shape_program,shape_program,duplicate_or_coincident_surface,duplicate_or_coincident_surface;boundary_contact,41472,,,,7316,34156,,,7f9710028acc227c571070e6869098b4cdd5ce2f04508f97ee16d125b62dec62,20674ed19daa44c63bf29bd7bc8c5fc4e9072792b3168a405db7aa75f9fadfcf,temp/quality-final-campaign-20261006/external/default/ext07_01fe14f/shape_program/artifacts/validated-mesh.obj
ext07_01fe14f,default,ensemble,visual_hull_voxel,unqualified_due_guard_or_bound,,,,,,,,topology_or_volume_guard_failed;triangle_limit_exceeded,,7fd6a5a80109383430ba825e6dd0c0be53e004b8fc25d5d98280d1ef95e5bda9,63a8390f3ba3997c3e1ba54284b99ba61ae6d7739f518f1427a09a95eb4d19e7,temp/quality-final-campaign-20261006/performance/ext07_01fe14f/default/cold/default/ext07_01fe14f/ensemble/artifacts/validated-mesh.obj
ext07_01fe14f,quality,profile_loft,profile_loft,qualified_original_receipt_not_remeasured,,,,,,,,,,,,temp/quality-final-campaign-20261006/external/quality/ext07_01fe14f/profile_loft/artifacts/validated-mesh.obj
ext07_01fe14f,quality,visual_hull_voxel,visual_hull_voxel,unqualified_due_guard_or_bound,,,,,,,,topology_or_volume_guard_failed;triangle_limit_exceeded,,0b6ea13c88096ec684f82bdd2caf912a4625e77f21944a6a3031b19e9e69f01a,ce41545d946936973e893ab8a5237bb449281129c96b4db4556e58385a3b536e,temp/quality-final-campaign-20261006/external/quality/ext07_01fe14f/visual_hull_voxel/artifacts/validated-mesh.obj
ext07_01fe14f,quality,gaussian_ellipsoid_proxy,gaussian_ellipsoid_proxy,unqualified_due_guard_or_bound,,,,,,,,topology_or_volume_guard_failed,,7ebb83eef3354d61d10c8fecfb035a6804a52e0b52591b781a2855c57a46b0c7,dfb0caa27f22709b702c7337fd325c4085656b12dba8e44b36833fb7f91a7bc9,temp/quality-final-campaign-20261006/external/quality/ext07_01fe14f/gaussian_ellipsoid_proxy/artifacts/validated-mesh.obj
ext07_01fe14f,quality,primitive_fit_refine,primitive_fit_refine,multipart_overlap,numerical_false_positive;multipart_overlap,104,21,,83,,,,,b3e4db0805b4c628535ddce29c544b3db6001aea4708dbc3978adc9a1bc27d88,331ebd7b39a404c4bb22ec2ccfa1c10c46204d49e9ba59c7a249b38cf119b665,temp/quality-final-campaign-20261006/external/quality/ext07_01fe14f/primitive_fit_refine/artifacts/validated-mesh.obj
ext07_01fe14f,quality,differentiable_refine,differentiable_refine,unqualified_due_guard_or_bound,,,,,,,,topology_or_volume_guard_failed,,b99e04529b988c29c6ae2424745bac4d11cef924c82e78b0841f516f20331afb,e260e8715e956890787ddcd13b5c9f036cce52157d9f2de723f22d740bc11e8c,temp/quality-final-campaign-20261006/external/quality/ext07_01fe14f/differentiable_refine/artifacts/validated-mesh.obj
ext07_01fe14f,quality,hybrid_loft_hull,hybrid_loft_hull,unqualified_due_guard_or_bound,,,,,,,,topology_or_volume_guard_failed;triangle_limit_exceeded,,e6dede96091bf16f42eb50a2a9e009eafd7bd195a2dacc4d5e05aca8846212ea,58143758166bbe4729ce3dab0c1670031397b62aa5c1df90b2f937ccab8b4d83,temp/quality-final-campaign-20261006/external/quality/ext07_01fe14f/hybrid_loft_hull/artifacts/validated-mesh.obj
ext07_01fe14f,quality,shape_program,shape_program,qualified_original_receipt_not_remeasured,,,,,,,,,,,,temp/quality-final-campaign-20261006/external/quality/ext07_01fe14f/shape_program/artifacts/validated-mesh.obj
ext07_01fe14f,quality,ensemble,visual_hull_voxel,unqualified_due_guard_or_bound,,,,,,,,topology_or_volume_guard_failed;triangle_limit_exceeded,,e6dede96091bf16f42eb50a2a9e009eafd7bd195a2dacc4d5e05aca8846212ea,58143758166bbe4729ce3dab0c1670031397b62aa5c1df90b2f937ccab8b4d83,temp/quality-final-campaign-20261006/performance/ext07_01fe14f/quality/cold/quality/ext07_01fe14f/ensemble/artifacts/validated-mesh.obj
ext07_01fe14f,cpu_dvx,differentiable_refine,differentiable_refine,true_self_intersection,true_self_intersection;multipart_overlap,284,,24,260,,,,rejected,4c26237334c077a4425c733f0fcad57b1c05195b87f8e9ef403145d2ef5067c7,40670bd847ac511efee60a25a54efc858ebc46a82fe970248b130bdf9a3eb2d0,temp/quality-final-campaign-20261006/external/cpu_dvx/ext07_01fe14f/differentiable_refine/artifacts/validated-mesh.obj
ext08_186ecaa,quality,profile_loft,profile_loft,qualified_original_receipt_not_remeasured,,,,,,,,,,,,temp/quality-final-campaign-20261006/external/quality/ext08_186ecaa/profile_loft/artifacts/validated-mesh.obj
ext08_186ecaa,quality,visual_hull_voxel,visual_hull_voxel,unqualified_due_guard_or_bound,,,,,,,,topology_or_volume_guard_failed;triangle_limit_exceeded,,cae0201d1edd1d1bd0a0dfb072ed6010d685c96a563c1c142251a3952cfc73a2,57583e1c8f35ccbdfad0085d7c332337682f0176ae47a38efb0a5f222084af33,temp/quality-final-campaign-20261006/external/quality/ext08_186ecaa/visual_hull_voxel/artifacts/validated-mesh.obj
ext08_186ecaa,quality,gaussian_ellipsoid_proxy,gaussian_ellipsoid_proxy,unqualified_due_guard_or_bound,,,,,,,,topology_or_volume_guard_failed,,0c63445b3c89ecc935b5035fc79a5b35e545e1a39545dbe8f09582889cabe901,af6c0107c5a2d1d2eaa06276103cb890c06ea100fb7614f0f3d19b2905d1de56,temp/quality-final-campaign-20261006/external/quality/ext08_186ecaa/gaussian_ellipsoid_proxy/artifacts/validated-mesh.obj
ext08_186ecaa,quality,primitive_fit_refine,primitive_fit_refine,multipart_overlap,numerical_false_positive;multipart_overlap,156,22,,134,,,,,76c0d12ba2076b1dfbd747830d0197d507124c690dda8855b3952f8dcfdd7ff0,9938ca886c2c8045a084d30c5fbd03f403e860fd20d13f736c81abf5ae480bff,temp/quality-final-campaign-20261006/external/quality/ext08_186ecaa/primitive_fit_refine/artifacts/validated-mesh.obj
ext08_186ecaa,quality,differentiable_refine,differentiable_refine,unqualified_due_guard_or_bound,,,,,,,,topology_or_volume_guard_failed,,fd64a80708c73b2e7c444524d011d55622776fa19e03812030f8218b795f988e,7c795191823bc9ac32eb99dafe8e97dcb76246b1304a84441d04b6f83ad2f135,temp/quality-final-campaign-20261006/external/quality/ext08_186ecaa/differentiable_refine/artifacts/validated-mesh.obj
ext08_186ecaa,quality,hybrid_loft_hull,hybrid_loft_hull,unqualified_due_guard_or_bound,,,,,,,,topology_or_volume_guard_failed;triangle_limit_exceeded,,8d95468c637719dcb2ad16f10525afd0f1b14de766aa9020ebb1a42d565433a3,0fb382ca3f1561d9b6df57768d98d384e8cb05ea8436e04a36a9b5f70abea065,temp/quality-final-campaign-20261006/external/quality/ext08_186ecaa/hybrid_loft_hull/artifacts/validated-mesh.obj
ext08_186ecaa,quality,shape_program,shape_program,qualified_original_receipt_not_remeasured,,,,,,,,,,,,temp/quality-final-campaign-20261006/external/quality/ext08_186ecaa/shape_program/artifacts/validated-mesh.obj
ext08_186ecaa,quality,ensemble,visual_hull_voxel,unqualified_due_guard_or_bound,,,,,,,,topology_or_volume_guard_failed;triangle_limit_exceeded,,8d95468c637719dcb2ad16f10525afd0f1b14de766aa9020ebb1a42d565433a3,0fb382ca3f1561d9b6df57768d98d384e8cb05ea8436e04a36a9b5f70abea065,temp/quality-final-campaign-20261006/performance/ext08_186ecaa/quality/cold/quality/ext08_186ecaa/ensemble/artifacts/validated-mesh.obj
ext08_186ecaa,cpu_dvx,differentiable_refine,differentiable_refine,true_self_intersection,true_self_intersection;multipart_overlap,284,,96,188,,,,rejected,990b66aedaa1857bddf217967d07ec82f6ddf2da65d3f24e06e194505f5e077f,911d2c758c293a85a12c21fa2c054dccbbad1927b962c32743facce11173d742,temp/quality-final-campaign-20261006/external/cpu_dvx/ext08_186ecaa/differentiable_refine/artifacts/validated-mesh.obj
ext08_186ecaa,cpu_dvx,ensemble,visual_hull_voxel,unqualified_due_guard_or_bound,,,,,,,,topology_or_volume_guard_failed;triangle_limit_exceeded,,8d95468c637719dcb2ad16f10525afd0f1b14de766aa9020ebb1a42d565433a3,0fb382ca3f1561d9b6df57768d98d384e8cb05ea8436e04a36a9b5f70abea065,temp/quality-final-campaign-20261006/performance/ext08_186ecaa/cpu_dvx/cold/cpu_dvx/ext08_186ecaa/ensemble/artifacts/validated-mesh.obj
ext08_186ecaa,default,profile_loft,profile_loft,qualified_original_receipt_not_remeasured,,,,,,,,,,,,temp/quality-final-campaign-20261006/external/default/ext08_186ecaa/profile_loft/artifacts/validated-mesh.obj
ext08_186ecaa,default,visual_hull_voxel,visual_hull_voxel,unqualified_due_guard_or_bound,,,,,,,,topology_or_volume_guard_failed;triangle_limit_exceeded,,63a2d70562e9acb65d3e8a23b940ba4809581d72240ef722ceeef7bbaa48e75f,b74f43922692319c30e51691f516c7021a3dd66952eb5bf1e868463559d783f7,temp/quality-final-campaign-20261006/external/default/ext08_186ecaa/visual_hull_voxel/artifacts/validated-mesh.obj
ext08_186ecaa,default,gaussian_ellipsoid_proxy,gaussian_ellipsoid_proxy,unqualified_due_guard_or_bound,,,,,,,,topology_or_volume_guard_failed,,0c63445b3c89ecc935b5035fc79a5b35e545e1a39545dbe8f09582889cabe901,af6c0107c5a2d1d2eaa06276103cb890c06ea100fb7614f0f3d19b2905d1de56,temp/quality-final-campaign-20261006/external/default/ext08_186ecaa/gaussian_ellipsoid_proxy/artifacts/validated-mesh.obj
ext08_186ecaa,default,primitive_fit_refine,primitive_fit_refine,multipart_overlap,numerical_false_positive;multipart_overlap,180,21,,159,,,,,8d7db1c330e501d0aec3d3aa75e38add1f5df13153d8cadd7cbb9f2c45018a11,6d3ef43ce2c67c0b90a26e3f16c46404a5750e344a371210909d21f97a018ca7,temp/quality-final-campaign-20261006/external/default/ext08_186ecaa/primitive_fit_refine/artifacts/validated-mesh.obj
ext08_186ecaa,default,differentiable_refine,differentiable_refine,unqualified_due_guard_or_bound,,,,,,,,topology_or_volume_guard_failed,,fd64a80708c73b2e7c444524d011d55622776fa19e03812030f8218b795f988e,7c795191823bc9ac32eb99dafe8e97dcb76246b1304a84441d04b6f83ad2f135,temp/quality-final-campaign-20261006/external/default/ext08_186ecaa/differentiable_refine/artifacts/validated-mesh.obj
ext08_186ecaa,default,hybrid_loft_hull,hybrid_loft_hull,unqualified_due_guard_or_bound,,,,,,,,topology_or_volume_guard_failed;triangle_limit_exceeded,,14dd408b987f9f31f85c99b8d3e442b217df6a01318894e7c08d15b72db95136,1bde5c69fbf44c67159dab59c005e9253cfcfa11e040477b610a7e0aa8b0cd18,temp/quality-final-campaign-20261006/external/default/ext08_186ecaa/hybrid_loft_hull/artifacts/validated-mesh.obj
ext08_186ecaa,default,shape_program,shape_program,duplicate_or_coincident_surface,boundary_contact;duplicate_or_coincident_surface;multipart_overlap,26670,,,1204,6864,18602,,,3de4965dcf455a476cc419bdccb3ab97cdd828fa64f72bec32b2d80d9bfeb7c4,6046e3ef7e3dd512e9805d48010ede5e11107aeccdfeb9f0d71d5df47a02d7f9,temp/quality-final-campaign-20261006/external/default/ext08_186ecaa/shape_program/artifacts/validated-mesh.obj
ext08_186ecaa,default,ensemble,visual_hull_voxel,unqualified_due_guard_or_bound,,,,,,,,topology_or_volume_guard_failed;triangle_limit_exceeded,,14dd408b987f9f31f85c99b8d3e442b217df6a01318894e7c08d15b72db95136,1bde5c69fbf44c67159dab59c005e9253cfcfa11e040477b610a7e0aa8b0cd18,temp/quality-final-campaign-20261006/performance/ext08_186ecaa/default/cold/default/ext08_186ecaa/ensemble/artifacts/validated-mesh.obj
